,topic,link,headline
0,Middle East Conflict,https://news.google.com/read/CBMigwNBVV95cUxObzZ6QktXS3BtVlRuXzgwekc0c2VYOHBGV2NqUXRaUTdHMU1EWmR3MVBfQ1oyUjRya0ZhYjVyVVlUTkdBekt2cGFXbVdKZDdVQ2FMR252ZU50QjVGU2g4M2tFbW9ZazVTZjczS2pldDRIb1pMeWZFZ3dscW9oSGZsTTNwN05SZzlOOTIwWjNndWtVWk9PMlN6d1o5LVk3VU1hTzh4UGNBaW52UGpJQXNtME5ZTVZVOEV5SWJsSHFjM04ybkREdE83S0tOMWY4WFpQR3ZvLUR3cnRuMm5hQ0QxeFJhRld6aVcySzA3UFIwcGNpeEktWGJjNWt0UW5kT0F3cDF0UzlZNE4xamRqdEsxVGlsTzd4NGc4X0I2TjQ1eFQ0VE1VVTJDb3ZONUdNMjdDa0pYd212T3UtR2RnODh2QjJFYVNraHF4bjRFN2hGOUF1SDY4Z0NvaHROd05NeEZCZkVWR0M2OUxxQjFsSVphMWxseFB4MmxYM3hXODctVDlVc2c?hl=en-IN&gl=IN&ceid=IN%3Aen,Delhi 'Concerned' Over Israeli Strikes At UN Facilities
1,TN Train Accident,https://news.google.com/read/CBMiqgNBVV95cUxNYkFjbThBTkJYUmNaTm5ZS1R3c0h0ajNBbk94aG5wV2Jqa2pvTXI1MnBnbmtkVFFtV0w0OTdoNy1jM2ZscW1JWTdUY0NQWmtsT3hrS05lX3hPN0txd2o1cnRYRGxkMEZIWWFTaTBJTEpTYm01RFpjVC1WcWlsOHdIUWtBT1V6VjAwQjZBbW1uR0NJYTRuUVF6eTBvYkI5Y3BoODNseFduN0xQREFqYXNIRjVaOUQ3YjN0ZGVyQ2RjM254ZkhFdDExQTNpZnBQV2h1TXAyZFBBNHpjLUJ2Nk9Bc0RPaURPTWFZSFRHTGFmYVhCWDQ1QUhhM05GMnFUODRub0FYNWJGSXVuanYwOVkyOEU3SVkxMVVQM1pJZDdXSkZXOFVlbUV3dkE3ZEtGZmZITU1SdGFGUmsxUFd6OGRad3B5aW9MRnREYzVoTWVOdGp4VF9NN01mZjhoeDNLcnR0LWhYUHRYTUVQU3hjdWtJSWN2R0ROeXVTblc2VXpHZ01KSXFWQXdjNTlGZTY1TDV5bXc2bHJyYmg4a1FnRWc0WHY1UjdFNGw0Mnc?hl=en-IN&gl=IN&ceid=IN%3Aen,"Helplines Issued For Affected Passengers, Rescue Ops On: Details"
2,Bumrah To Lead India?,https://news.google.com/read/CBMilANBVV95cUxPQWV5TUV1WUFVOHNBZFNnY1pjSS1UZjg2RmtGNU0tZjVBdVE1Q21WRjJ1WWRBY0QyRG9hR1FFb21Kcm4ycng5ck8zZk1OM1NzakRhTVpwbDZkZlhjdGlEY3B3di01QlptZEpLM2kyd0d4REJrVFZJd1FwRlc2WTNTcldUNTFvSW1rckYzcnpSQzUzb0pxRnp4QjRGa3Jnc1FHWHM4akNjeVhLaENzWGxmcUhaeU5rNFVnUzlYWlJDNXF0NTJQMFFXbC16YW1IWEcwb3dwd2ZBRWhycDJIWGpoTG9tdkZ2d1RqU0ZGdVlZU3YxNmQtbURlZlNBTlAzUl9rbjJvV2hQMk04bmU1LVN4c3ZFaGNpTW9sS1B6RS1zaHE5OW9oM2hSMzUwZXBpeXRISkJ6MEZ6dGNBeUIwMDJ1clB4R3N6cUJIWmdlVEZ4QTg4VEVOT1dxYXYtX3c0RkNkeHBidlgyWUpBSmJ0LXlmbk1VWGFMSTZqcWlsZUM3UUVtSzM0UVpIMV9QM0FzRFNSSVpWYg?hl=en-IN&gl=IN&ceid=IN%3Aen,BCCI's Major Hint Ahead Of Australia Series
3,Renewable Energy,https://news.google.com/read/CBMilwVBVV95cUxPaXhsblByYmttS2dGWmg0d2JYbjhBeVc4Q0ExT2xfbUIyZjFsdUFLelVhUDdvdkg4RWpPOVlWMHVhbVhZUWh0cWg0V0FLMUpzbVRrSXdzcWJfV1EyUVh2eHkwbWpFX2N0eVdfUjFwdDhqN05HblJNSXVOTmxxdHEtTnhYekhucTZGVlg4UHRrNmdmdUFoLWcyYU53WHVoU1Q0RGlLRDRHeWc5WHRqNnVTanVNUUhDVEkyd2ZkUlpNZS1UWUZDYXhNdzR3X09GZ1BlUU15ZHUyY0ZNYWR6ODkyTUZrRHVrVHZCeU5xSk1Xa1FOQ1VITFVoZ3YybmZNeFpqdlluUDRnTVdFLXV1cFB6aUNSam13QWlqQm0xLXVrOVdLcXMxSy1LZFEzTVFfOE55UnJQbkxjaHhEcG9LSm5UaTQyM3dmMm5DblJHSnZSMTRsTXM3TFd1WVF5WHJKY3BTRHFSN3VXVi1EX1ZWeTBHYnFnYjRfdkNFcTViLXVlbVpsTXlMMEFBMTAwd3JJT0ZMcF9ZWTlLUW83aHJnUVdodUkxdlNpQXF0cVRDdWJ3ZUcwZXRYMnc5cUNudlhQb3BjbklLQVI3WEh5RTdRRUxPcUdudy04NjYxcmpEbDM5NXY5UTdHMnhYZkRHQ3hxM1RxTkxDRHRxRmZRWGN6V0lPUTFTaFRFX1ZUbUJNZHBoMS11NzFiVndnV0RzOXdhamR5RWZnZmN0aGRrcEp4RVVlbGhrNXkxTG5BaElMN1R3ejBSbFJ1NnZKQnlPNnVPM05vMGl1VDdfQlQ0WUQzOGdfbDNUTGgtQ0paSVZ2cVFkMDM1S210S2Q0Vmk1RVV2TGp0WkREdFRaVFplRjUtVmNqLXcxQTBMSkE?hl=en-IN&gl=IN&ceid=IN%3Aen,"Gujarat to add 20GW RE capacity in Kutch, Banaskantha"
4,Damage for held-up rice cargo,https://news.google.com/read/CBMitwVBVV95cUxPU3lyN0F1VzdJdkt0cXg0YTlfd3VncXNWVmR1T0xrU2I5cnlnQUFXOWtWVmk2d3E0ZzVEb0dVV2pUNGtsbEtfVVZFUVB6cEZBeHpSNzh1RFFKRVZ4blVEdU44bmlZQTZfM2d5OVdoM2Voa0dQNHhPZXZKRmpxcGIxZ25yQnBlcmNlc2I5Sy1pdlh5cEpWSjhLQjRfcHd0N3pSRnhmWk85eHE1MjM0R2tfdXFBem9NWUs2ZGdSY0xUQlVMdlZJOGlnSWIycTUyYUxJQnM0WFBTbkk2ay1UUE5ITUVWbDN3VzBXMUtCY2xXakMxb3FQRTZlZ2JYRE1mYklKcHZ4OHZCMGNkckFUaGU3a2ZZN3dQQkNCTERUU0FBSEc5UmVkT2xVWmxCWkhPaDViNWhVUjJvS1ZfV1l5aU12VDVEZUY3RXAyOWJQZGZJcHFsMkVYUUdpa0FZV1hqdm5yMHZTSDhJVmtiMnFUOTRCa08wS19GSFNVbGhsenQzaWFER1FaZ0wyMVpBSmtrOGFWMzVzMzNqUXdQdmdnM2E5ZmNMUnRPNDZsZ3Y5SnhqRHZtcmZ0aHd2YzRqSl9YS0pDTllfUVhrNDdtY3g0akRuX3JuUnR2ZU00ZHc3WW1YVHNHdlB2TkdIWmVGTDlOdFBxdWNrTzVJelczZkU0OEdtUklPZ0RJSDBCX3ppRmxXcFRiUnA3alU3bndxV05MWUtkSnA0RTR6T1FaUHVmS0JKSFh2Y0JzSUR3THV4UEtTS19HSzNaNmVoeWdGUjlQMno5WTJYNktqamh4ckRSN3BhcjZ5ZXl0VDY5YUNEX1RyazBoN1FJX09wRWx6RXMzdWxBT0M2R0UwTml0bEVrT1BwTXdGcUVLNHFoSGo1U1pXeTR2Q04taEx0aGJsMEJibUNtSTY1Q1ByUQ?hl=en-IN&gl=IN&ceid=IN%3Aen,Gujarat HC orders ‚Äòarrest‚Äô of SW South Wind I
5,First instalment of grant,https://news.google.com/read/CBMipAVBVV95cUxQSk1WTHRQSU5ET0lUeW9qbXJjazlLVmtNYTJ0Q25FYTFoOUQ1RTZMcXJsX3hXSno1T1hZcWF1d3hVLWdaeDg1UmhuYUlPQ1ZfUWJUeVFXSk5VUnp5ZnBENm9XNmgwamVmOWVTR1NtNl9SU3JQa3NPb0tWQjdodVU2eG42TlB0em5BcG94cElOSi03cmZzdThmaHlUdXlhR0FOVXZsZGhIbnNGTTRiOWNicVVMdnFwS3hLMGpydDhPZ0tJQUR1VkxTZThDYkh4TjFvN00tendlYU5FSlczZ3h1WG9SVmZHTFpaYTBtaml2Q2VYRzBmSTY4SktWTVc5TmZVbWY2OGVQMVBmamZQZUREYUd5dF9OTlZkZ1lDQTlkQ1hvNmczY0kxTmcwZFhkaEpQNW14RGd5clZKR3JTRS1HdWhFQnN1anhtOTZsQTBkelo4cGRKb1Rwang3dnMtdU02TURyaDBqaTNyc1pFTnh2ZXRtWDBOZmUtNDlLLXF2cDAyaGdBemFLS0FibGFqeTF2U2l2X1dhVWxPdktOMnUzaFJOMktFakZTOENxWEtWd2w2bkNQSnBUMVZfU2NmZWV6SFEzS0tRZ0FsckdKOFJFX3ZYMVZFS2tMUHBZQzlWcVVNVVoxUU1XRlRTVG9QZnk1QVdqRUdjR205UGpPekUzZGFXYzFWVW04UE05M2x5c3ljNTRZMkxfLVlDR0RldVAtUGhva29vZ1NmNlYydVBMMDFIRmZnMVhZOTVsdm5KcHUtRlJlU2RYbTNTZTdRemJZTkdGZF9sb1hMSUoxa3Q3ajJ3SWxKU2E0Tkd3XzFzQzY3OWcxYjViZHdhSG1MNUpscjJHQUdTUWdLQmVtM2ZNV0RhS2FyOHRwNTRsY21nLVhZN0p4?hl=en-IN&gl=IN&ceid=IN%3Aen,"Centre releases finance grant for Andhra, Rajasthan"
6,Baba Siddique Death,https://news.google.com/read/CBMirwJBVV95cUxNbHNaVnNqSjl6ckJEZGIyTGFZOXNBSHJkd19xRVdfVkZHTXFxTDdMb2JLTW1yREZvUHhlLVhNdF9qWTVRRlN2NjFrWjk5ZWg4MW94SUNUcnltRjJFQUM3UVd6YzhxZDA3Q0k1a3RaNWNqNFNJVHRITDdxZm9XZ1llbkF3SWZHVnZYY3FJUHZiR1dlbVBwWWJ4ai1LTTlHR1kyZllCamwySFJNNUNuS1ZFZDhuZFRqUm9iX0E4R3F0MEJMbUVzeEJ4eW93NmhPLVVRclFsZ1pYVVo2RncxMklOR0h0NHpMc0x5dkhLY3JVQ1pqaDFfbTRJeUVGM0JpMlFyYmFxMXFLZHcyYTBtWlZaaWxFSUxFNExiWFdXZVhzUE5rVWtaV09tOGowamNpY2s?hl=en-IN&gl=IN&ceid=IN%3Aen,Baba Siddique Passes Away: NCP Leader Shot Dead In Mumbai
7,Baba Siddique Death,https://news.google.com/read/CBMi6gJBVV95cUxPSWFFcUgyRmpWSmc1OFpGYTNDWGdHQWVjdGZpbEE5RnVubWNIM3NYUVVwdVVxbXRmSUU4QVJZTUtZSmlSOG95T25HdTh0aHpRcnl2UHczb243Nm01SXVtQ2I0TUlsQ3FZd1ZWbzdySXFDSFJ6dVN0RGp4dmVUejhkQkZwQm5hWnlJY0laOF9CUTdURTNvdzA3UTYzSUozOFI2NjhJaGw0Tllzb2lRS2NSMGVLTE5VS0kzblVTN2tGN2pzN2dfLVFWd0JFSHJhaWdydzlUZXhVZ0Q1YU9UMWZteVV3Uk9yVV9vS1VMNHFsLU5mMGFpaEdLYVhBSGJEMjdMam1TRjRwdzBnanBHSHNGOWNXal8zMTRtMjBtUllmS0owTWhaRkNKN3h4cE1qc2F0SlpCb0Rpc1A5OU1QUEoyVHlxS2oyRmZ0VXUwbDFtYnczM1BjNWV4dFZ0dFFKbklHWHVuZnJEY3h1dw?hl=en-IN&gl=IN&ceid=IN%3Aen,Baba Siddique Shot Dead In Mumbai: Salman Khan Rushes to Lilavati Hospital Cancels Bigg Boss 18 Shoot
8,Dasara Melava 2024,https://news.google.com/read/CBMihwNBVV95cUxNRFRXdEpnVHZzeWtUZFFfSUNyc3A2LWlENTRRcGRwOEt0eEZfb21iR21aT1BzaDF0YTAzZTVpZzZxVW9vY0FMZFlqcGNjZTJ1aDZMRnhZU0RKZmQzdmo1dGctX0hvN1hUN3hZbnI4Qnl5d3BYaFNLbzdkYjRJYWFQd3VTaEpXamFEWklZOTFQUGtKSjhZZTZNZVRqOFN6ZFJJZThnc2FSbFg1Y3d5eGxPbzRIbGRpNjdGc1dRSkpoRk9ZNEVrTVNRdmJJMHNJeGprd0hzc0I2YkxpcTFrU21LSThjcUFNQ0hhWGpKdnczZmVCSndqVHp2VnBaaERWWUpVaUN1WkJxOENYRC1VQWdqRE5pa2M3ZDdCMVRHSVlOamJ1c0taNFVCWkRNY2lCRUc1RXY2S3RJLWhUdEp0ZGVIdjl4OHpmN1VHRzZwWGdlS0R3b1YwRWxLeElkRlFGT3hwUmRyM2hGdDRYVTlNT1U4bTg3MWxCSWY2UnppQnRpQ2ROdVNxZjRr?hl=en-IN&gl=IN&ceid=IN%3Aen,"Uddhav Thackeray Says, 'We Are the Real Shiv Sena, and Balasaheb Thackeray's Name Is with Me' - www.lokmattimes.com"
9,Newsx,https://news.google.com/read/CBMixgJBVV95cUxNOVNtNXpXOGdwM28yV285eG1vN0htdEdkNV9LQXJLaDJFdnBsNmVKX09ZdkxnTDF5YUtJclBOTVRiM1JpdUdxal9UTlhaOWs4LXlUS2JlZm1oQ0U5TUNhRHN1WS1ZczljWFRiUWFzWDJQNHk3SE1ua0hneFZ6V1NRQWYxMnk3MW04NTVWaF9hY3M5OUJfVDg5Q0Z6d2hoNnVleEpRMlhJR0xFR3ZldGZHRmFpbU51TTFtS3ZCZjZuaENETjFIelh5cFR3UmdmLW4zYVRBbWlzMVJhcXpIbWItTi15eDdyc0NZaE5COVNWY0huNHB5cWN3b0Y3cGFibUtacVJQVEdYWF9YaFJ5M3hjNzFrXzdIWWtYQzRQaEQ3MlVwaG9CSzRXVlZWaUVfX2JtTndMYUk2WEtxTXhzTTVHRnV1bVdhdw?hl=en-IN&gl=IN&ceid=IN%3Aen,"Mysore-Darbhanga Express Train Accident: 18 Trains Cancelled, Investigation Underway"
10,Newsx,https://news.google.com/read/CBMiugJBVV95cUxPdjNHSkIwaFpjSk56TjFEa3pZZlNzc1JoaU52VE9VelZIbFVIRkhLUDdPOXNqekZGbEtDUy16NENwN2FsVFM3XzFWMy1EMlRCUS11TkJfbm1iT21kNTF0cHZWUU5GOVdPQXE5ZldSRVNDbWVZeWhkdjdQeGlnVVlOMmMwWFVrU1pIYWxpRzlraDd5eXVwU3FPZkJObFhQZWZ4NEdoX0g2amt0bHdVYXZEYXJsZV9VakhtVDJvZEtHVFZnT2JSdl94dWVtMUxIdExvMmNXc2Z4akV1VFExZlp0YVpFNUYxQ0RCSjdiaUhaSmxZMjB5RmpVZ2oySGtVTDcwdHNOakozS0FkOWpVMGFMMHk4YzNDb0xUY0ZOcUpaWDJYcHdaV2pVa1Y5RTJZV1BTMDNMTjYzSEJxdw?hl=en-IN&gl=IN&ceid=IN%3Aen,'Jigra' Box Office Report Day 1: Alia Bhatt's Film Makes A Decent Impact
11,Newsx,https://news.google.com/read/CBMixwJBVV95cUxQU0pkV3hERUVmcXB4cS1TQllCZzg0c2w3a3NIWWxBNjN2ZDRJWnY5RlpPeHBWU1BzdjEzSC1pcG91VXFHMm9fZHktQ1REQWxoWFRCYmZqQms3SHNCTWtWMWY0X2ZIVGhNdTZSRmhzbGdKUFBINXZadVNCTHRBRFVSVGstenNsSGNjSmFCRTlRWWE5a0lYQzhOWDVvdHoxbTlxLWpReEpxaG4zQkhvekFXVzNkQkp0OFZQaGFlRXBCeTNLVmJDSHl0Vm5MOEZaODRtQlRJbVNpX3c1QlAwNUdOdnlBbzdDRjRLZmdUYmh5ZTJkVUQ5dXBoZUFMYXV5OURXLVU3UnFLcTBKWDEwS0xUMW5UbXY0M090Z0hrak9pY1lKS0NKN0hMMlpOWTZFY09QS2xHUWQ4bWM0MGhtazJzR3RKelRLTlU?hl=en-IN&gl=IN&ceid=IN%3Aen,Maharashtra Assembly Elections: Veteran Actor Sayaji Shinde Joins Ajit Pawar Led NCP
12,Maharashtra,https://news.google.com/read/CBMirgNBVV95cUxPU2xZSVBCX0RGanJ2WVYyX3VtUDZTcUNNcHFPdnhobHZGRGFSenh6d1NiTEw5dDFRUWN0ekNrRHVhdjZIcDF4amVGUEE0NGNBQ18zR3pkU25PbW1MbV9Cc0RIVzB0YThSQnEtMW9mV0xEdFhEOWdqWXloVGJPX2Y4azk3QnZQOXdKZ3ZueXdOUVlsUTJ0LU1QMW9iaV9hcHBFeV9tVXY4QmNlbFZpUGpkdWFhX2RTRm1MS1E0cmptM1FNelh3TEluWTgzSFJvR0xrRE04RW5zZlFNbENoOEFTcXp4Vmx6dWVlRktod1Y3U080UmNOOVh6X3YyaG9tUGtxcjdQdEtmc2w5dnlKVmZ6OGRrNTh4b0ZQT0daU3dfX1Byc011WG5BYldyY01HdGJSTFZsTjRCSG1Qemw1bkdLWFI0V2pxTVVBZUtxcXRGclJwWF9Qc00xSDVPT2wzTW56VW1VMVYwbDBSYzY5ajdkcEx0bWhtYVpiNHJKNVNTM1hOakU5WTB1WHZOakFCOERMNHpJc21fTk1yeGM5QjZBNmFWTW81ZnR6dVJhYnRn?hl=en-IN&gl=IN&ceid=IN%3Aen,NCP leader Baba Siddique dies after being shot at in Mumbai; ...
13,Tamil Nadu,https://news.google.com/read/CBMijgNBVV95cUxOZHl2WVU5Wk8xSy1neHBLUmdYVTB5RUNfQXh0TWU1aXVYM1AyWHFRRGR3UnhwdGx3T1J6S0dEYzhmVTI3MWVtTE1kaFNpVWYyelVBZTVMdENBVmk1R28xWTl1Y1lrdERkM1RlREcxOHNReklTSEJJLXdHVmxFZENUSE9sNUVESGdzY1BCRmlMbXdDN2p0NHBpOFFGUVdHOFhubXVPNnBOcy1mZGdpTndyOUs1cHZEYjlJRlktNkJqLUx1QjB6QVBabUlMY2tmUy03VFhtUnlNcEVEUm5xbEVoOEVZdWZhQnNqUWZuWmNZamdSQzRhbHFXTWZXWllJcDE3MmNUazE2ZVZGYmtHelA2MEV6VGtyend3RmJtdTZzWW9LWkpzdjljNHRGUHZPQ1l0MTNjZVZuWFhsRTdOZU0wS3F5SHlObjJXd3hqTTZSV0lVZWtwREFFRmppMFJQUGlSaVEwUnZuaVIzNnk1SklrSEduYW85MGFURXc2VFVzYng0UWJwc3pNYWpJaktRUQ?hl=en-IN&gl=IN&ceid=IN%3Aen,NIA examines sabotage angle in Tamil Nadu train derailment
14,World,https://news.google.com/read/CBMiuANBVV95cUxPaEhyZC1QaDVlc0JoZmdCWU5ZVGhSV1BBcGlhYUliVzdnQmNDRGlOeEJVd3gxMzFwM0xieklQc0hNbU9ma3pjb09CWTJ3Tkc0NXBobE5Tam9uZ2g3Unh6Z1dfdnFVSld4Z0FGai1wMWVXWDZYWXo4MWxCSW9YOVF4cExNajBSZjU0MjhHT1lOUVJUMXFJWTU5dUY5cmxXSWNvcXB6UWM3ZVNtLU9DWmxBbVZzVDNFeGFRbC1tRXRUNGdpMHJzMW9sTlVjNHRTbUU4OVNKRlF3Y3FUelZzVEx6V0hzNzRFV2ZISTRGZ3gzUHhoYWZmY3dwYURZRGpkaG1pdllvc2pQZTZuOXBvbHdyUmlXSnpzM0dtR1Bmd255bXNnZDY4aUctbHRLTUt4RGhjbjNSTDJYX0NfYWhLNHpTWDU5czlRemtjRDBCd2ZOQ3phVHdHanB0WEpsY1NaemlIMHBRZGEzVWRSbHdLc1FZbnRRaVhBMm94bFhHRWpnVXN5YldpN3NaUWtTcVhJdjRBdS1Kc2llbjNnZXlNOUR0NVVuY3ZPRmlwVXVDSzV3NTJSUVZ2THBONg?hl=en-IN&gl=IN&ceid=IN%3Aen,West Asia Conflict LIVE | 320 projectiles fired into Israel f...
15,Sports > Cricket,https://news.google.com/read/CBMimANBVV95cUxPRWZndC1tckNKTG1TdXI2M1NrcGhhc0d2VmpjVS1YUV9KMnNIakJCZlYwN3JTTUI4c2ZOWFFLX0hNV2pQMFNab1NCNE9uNzR1OGJPdURLT3dMZ0lVNHZGT0xFZXRLdTllcFl1Q0VjM0dVM1dXa3NZWFk4ZnBOVHNteEJsdTBGdFBvNTdjWV9ibUpmOWtGM3NGMEkwc1l5TkRrcmdFUENKTGNFNEdyYkVZaURkaTZpNFJxeWQtX3pON0Fsdm5lWWxTUER0WkVkNURFVVZMRERYOVh6bXlEMVQwZFM5M054TXJzRU1qZVVBV1JpcThYWUR0YTlBSTJaeGtyY0hRMXF3WGxySTloTHcxWURoN0pWUVkwcGpPTmx4UmhQblF2WWVuQVNyelVwTzhyanNQVE5Jc0Zhd2daY0w1a3RBNUk0ckUwWXFLbW1rTUFRankwa2ZZU1BmbG5iel9kZGZKejhHVDk4SHh3VXBtVUl1QnBqUmFZVEZ1MmVqemowNXFBY19fVk1CT3E5X0tOX3JFcmE2aHg?hl=en-IN&gl=IN&ceid=IN%3Aen,Sanju Samson breaks Rohit Sharma's all-time record
16,Maharashtra,https://news.google.com/read/CBMirgNBVV95cUxOa2hyclNZVWFzdVdFa0dfSG4wbmdwTE9XcEFhQnV5M2w2Yy1jMmhwQkxod0tjYi1COEVrSEZvT0QyUnAycjk2ZUpmZjdvRjdLX3EwRl82MEdVOEFNYVNDWFkxbUtxTE5EUjgwUURXSEE4MVhsTmZFWlMxbzk1MGRsNlROYWFMNWJOSWN0cEtfeEg2TGZrbmZiWU5BcWRNTzczMlhfVHdPMFFKcDhfWlo3SFlrUWFLcUlQc25BeVZxS092bm44dVFtZUhGYXM0TFVIb2E0NHBJSUtQUm1GMkpBdllDV0xGWnhyaFJrMWh4c1FVUi0wMUdIdVRPaTRhbE03SVpVUm5ORy1raThVYms2VWxfLVNvanhBTTMtMk8xVkY4aHE5SDlVNUYxQnA0OVFNamR6U0N4RzFZSVNoSkhhaDk5TWptNUlER08wblFMOVI4UDZISmZtRFNkeHdJVzhhNEJlX0x3R0dEd3hHX3FVUWxQWlNlZE5Mcm4xbUpobE94RU5Yb200dzJDeHJiaHEwWFFpdl94ci1HYzFac0dVX3p6TTVzM2ZuSm1xTTZB?hl=en-IN&gl=IN&ceid=IN%3Aen,Baba Siddique shot dead by gunmen in Mumbai
17,Maharashtra,https://news.google.com/read/CBMi4ANBVV95cUxQMnRBOVRQQk9wZmFReGFyb2pLLVMtbTJKNkdOYzRZRWdRcHZhVWFTeWlEcURRRXMxQ1dZY0piMnA0Qk8tSU5nbml0UC0zdTFWdXhES0NCRS1OeXZBempmVEtVNHdic2ZMcWpZbHZuQTBRLUY4SjRuUWVVNnQ3QWw2cldLaDlyNldLamRSaW5vamZrazI5YUlNQXV4RGZoVHRjVkd1bmVWcGtUYzhWTnN0TS14WXRXcXQ5d3JiYjlwS016UUFDMUNuOGZNczU1ank0blVxRGJsNDdFd3htcVNkeWtZSGx0enhwWXR6ZnEyT3ZZTnphWERCamdoRjRoeHc4MU5pQUJhMGxlZGc3bFhkd1I2TmZqYzFSSzk3X2Vqc3FVQ083bjhoMV9lemhybVJqdFk1XzhtRnA5em5uS3M2cFY4cnVzTG5JdEpDRVczYUNKNGNfRTVSX0E4SjcyZnUyZ1FiN21LSGh5cENjV2xXblB4ZWV1U1k0Yzd6cmJ4QWp3SnR5WkRUNVUyZmMzQmtxdDh0aWVFenQ1eFBWV3hESHFMU09vUy1URE1kU0xVVW1XbGxEMGhIX3dDTkg5MHFsYzI2TXhtdk9va2RGOV8xM1ZxWDFscVowaklnYXZWYTc?hl=en-IN&gl=IN&ceid=IN%3Aen,CM Shinde's first reaction on Baba Siddique's killing
18,"External affairs, defence news",https://news.google.com/read/CBMixgVBVV95cUxQVTRHcjBXZU56eEk5ckRVTkxHSFpIUmtOeXg5NUEwU2g2eldNbWFoVk93cG9WeFZYY3NzVHU1LXMzNTYyRGx6czdyQUVUWXlxVF9mdXhqdUV4SHY1MHhBX2JYcm1qSG1KaTgwN0RlY3VseHJ1OVg5cEJyQnNEeXhKNDJjYWdyNzBWX0o2bWktNExYZEMwV2FhbUFRQk9PSEtsU2p5ZWZuazFjVmhVdjVaemJ0aXZVams3WEpFT2NNanJxbHFBTmg4QnlrZ0tGbWdUUzdINXRGTXEwUXZyb1NucVdJZm9BMFphUHYxZHF6TmprVFQ2WU5SRUo1ZzRTLTBIZjFkYmd3NXR5alFxWFc3ZVltSWs2XzRPTTI3eThlcjYwclk1a3NFcHFLRi02Q2NvNm1wV3g4M2JtVEYyVTVNSGVLNjNrRk53QTBjSGt6QzdiU2xiendFLWpDOFdtanI0bVNvMUd4bE1vMlhnc1g1V2FYUXRYUV9TWl96S0RpY0E1MnhuV1J3QmhDVGhsUFpwRUdXRkxkbWFUcTNxMDU4M1I5Vi1mV2FNRkVqWldwMzFENW53b0RXOWxWeEpoZjZ5S0xjQ1NndmdWV3JDY1FHNEEzX0YwbTJENHlvUVY2S2VZLXRvMGViTDQ2bGoweWlJSTZBbHpNQ1BOT1FkLWdGM2VNZHlCdlducW9NamNaSXVmQkRyMktCY3V3QmVqMUNBaUNveUJNUnhtZ1kwblBqWWJJRS03SlVjTVFjenRlUVR4SEFuVFJoQjExV055Wmg4S3M1anBrZzFVNDNvOGdOOG41MlNwU3J4Z1JiUXJYdXFsUmNsbUhrYjdZU0VSY242cXU5d2xEZzZyMHFVLWFpeWJCWDdoZTlxZWdsR3V1N3lFM1VtNHFKMDd4cG93RmliVlBSNHhtdmROYjduTC1GZFZvTnRxdw?hl=en-IN&gl=IN&ceid=IN%3Aen,India cautiously optimistic for border talks with China: Rajnath
19,India News,https://news.google.com/read/CBMiogVBVV95cUxNQ2wwN2dRU2hPRmpOaHFKajFhXzlSVXhyR0RmOU1TdjBXX0hhaFlfbU5XLWJ4ODRHdnZMOXpoZXlIYVdQa1NYay1VRGZvVFQzVG5KOW5CdnhyTWJKRkEyYzhGb25NWFNWUjNQT3ZOSXB3OWMteXYzRXUwQlhybGpzRGwwYVBkajZId21WRHBINTN3cHZLS25uSHR3WUlyNHhWeTRabnVueHEtMmpVTmZiZmNua3VUdjN0T0dqdUFGRzE1RC1nTkMwZFpIQlJyWGhFdHI3NGxXX3ZFU0tHNVRXWjR5SzFLVlpaYzFKTmlxaEpxalptU0szbXNYSmdxMVc3Nmd5angzQVRsVXdtanlMbnl4YmJyUkFJYUJLM2hTb215ZVFhV1B2dlRZeG1CY3lqeElJcm5USEZmYnU0eHRjRk54Y0plNlJUSl9NX3psMzBXYXBjd2tIWGY0UTFoN3prWlRzT3FIcl8yaXFRU0cyNmZXOUlnN2JubFBFdG9oLW1VNlRMeFVlQUFUYnVmbWVEamtzUzdoTk9hMVNZdk40UmFCSmQwMzFWNzFidmtQTFBUN2g4RnR5TXBCZ0doX2l3T1hlTlM1RWFGM2NSSjFjVDdKM3NvY2JUOWpxSzNjVEl3NThpd1pjVFFJakxjY2RnTWV3M0NnSHBHdy0tQUh6Y2poS3ZqYVlFM0VKQ3RVWkdUMGp1ak1ncXVGNUU0OENZSWxHa0E3NWFENF9aZHhzM3FERGFqRFJXa1hkTjJGLW9hZ1JFZXlaRjd5OU0tbFF1YmVGcGpDU19ueXVsUklMQlhKOXBORDQ4MktibXRTckVURjNmV2pRckpXTkp5VFZ5SElpTlZveHBLc3VqTzUteS1tM3FNQWlPSXFXNjlwWGs4QQ?hl=en-IN&gl=IN&ceid=IN%3Aen,"New Haryana govt to be sworn in on Oct 17, PM Modi to attend"
20,India News,https://news.google.com/read/CBMioAVBVV95cUxQOGRsWEtPQkJ2a0tDbFlUUnlmVzNCMkVwQTdiV3NPVkxodGdZVC15bEx5YzZCaVphSlV2bnVTSVN2aldfMGdYcG56dVVJd202TkRVaUJfTnNqYjVYMXNMZnpxT28tTVBCaUNrcTlKMUJXUG42SzJUYk1MaWlQQ1FkNC1DbTNMWTFqWHF1aENtaWxIVzJkclk5YnYwYno5cHBKaXowQnVjMHdkUjU4VFREZWNkZGJnX3NHM3RrTENJMFlqS0ZwU19nNWxGVDF6NEVqb1lqZ2xhQXZQbzFsSFp2TEpxVkMyVlF1cGlJLXhzd3FxMlNUaU0yWWstdU5sYWN1NzVmb3FfaDVIODhyODQ2STUzaTI1UUJoYXJSVWhHX1dMeVhiTG5WbVJvN3F2Sk9tRGl4aWo4LWg3ZFpSNzJYQUJDZ1ctY282S21ueEhVNjViemU5MUhJZGI3Si05WXlKWFpDUWtFd3liekoxSzV6N3R0b0RPNUJ6NWdyRjJEbGdHcWFRLUN0YksyNHk1b1FXZVlTcmd1QTJpZjI2N1JfZTdkVG5LbTZKUm41alBUV1ZydDcxUlBfTjZqZFdqVXdxUEFHVVJabjFJdk9UUUd1ajB2REZFTlR1SGY1c1J0b3VvUV9Oa1JzeFd1TWhxRVB5YjdlYWhaQmhFMk14Y0l3UjR1UXUxb0N4WTRRTTB5WUJEaHZqZ3RFdVVPaW1WRGd4Z0gwX2puSzJ5TklDTy1jdHNWRW9jQXlPaHYtemZsNHhJbzFZVnV2SXFsQXNtU2lhazdmb1QtLU9fcDlsdnhybl9jUkpKV3ItNmUwRVAxdENqV1R1N1pSMkJKdmFMR2lSWDVudlV0QVBVTHRVZ2E2WVIzR2JTMTBxNE42VndkdUQ?hl=en-IN&gl=IN&ceid=IN%3Aen,Stop funding to madrassas till they comply with RTE norms: NCPCR
21,West Asia Crisis,https://news.google.com/read/CBMiuAJBVV95cUxPXzhSSFFRajluZnp5cGpwOUN6V2M0dVVYeVI4LVhZa29ueWtvR2ZySC1oejZUcHh3dTg4RjhlcE90cUZSVFJKQ3Z4MmFyRklTWEdlaldNdVRkRnYwZ3duLUF6RFVhV0dacDlOWkhQcl9TMk5qalZGY0NRRjgwYnFLTmx2Ty0zTjJabF9pUUFCbThPb3BmcWtua0wxdjZ0ME12UTBOY3V6NzAxb3VvY0J4ZkIzYWExQjlJMmY4d1pkU3FXR2hmU2JhM1Z2WHJwcllVMUZTUVpTcmU2TGJuM1dDcTBQdFVENXNraUlXbXlDQVhqalowOGtHaThFUDU2ZEpocTdjTng5SnpvSWdEdEptZU9abHBxLUtSLXRsYWJIWmZDSkVqN2N1Uldyc285NWw1dGNNa0NwNHg?hl=en-IN&gl=IN&ceid=IN%3Aen,"Iran bans pagers, walkie-talkies on flights"
22,India slams Bangladesh,https://news.google.com/read/CBMi4wJBVV95cUxQQ0VhRHJ3TzJQa2ZhMmZhRGZyck9xeElLcVdXYW5jSUZmdEN0TlVrVERZTS03QVZ6OTlEZzNGeUUwaW9XWmJNWXdpTFFyUzRCTzZQcGUzb0lYRkozaTB6SkFIc1h4bTdRNElMaV9ZTXYyNXFyWHFCOW5Ld01RWi1TQmhDRFZrTURhNjdBRUZrb2FlR0xPWWtGUnRZNlJmb2laUU9HTk1GYU9sekV1TGdaQm5pdm9BeXdhd1RHNWdjOW9GVDVxYlNQdmUxNGdpZ2NMbnVVMmNpOUFRSFZJRFZ1SmZkeFVNQlEwOHVOczloX0x5cThRd3pMMGFHOThLak42Z1NHdGtGcXpTZENzWURoUVVfTjB1UlFEY3dZM2FhR0REdzhwNXVRNGlheDYzTzFyZGg0TFFDcnBhdjhyc0ZwM3pCVW03SUZFVENxQzRxV3JhWXU4cHFLd0ZqNjRVNG12ZU1R?hl=en-IN&gl=IN&ceid=IN%3Aen,Calls attacks on Hindu temples 'systematic desecration'
23,Gujarat wall collapse,https://news.google.com/read/CBMiugJBVV95cUxNOFJ0cU1kekViNklXeWxkSlBJWG4wRUQtQWhoUFVyR0sxRTFiNmcwdWJQVTl4TlZCcUxYMHhLSDFqQ3hnNnhzSHNHRDdsR09tTFhwTm52X3NxYkl5ZXlhNlpBNUtuNzhpcFlqcWR2bi1XUlpNUzFwUjY4YmY5bWo0dmJOQk02TkkxcFpsYmtFNGhWalZ5SmN6OEQ4aU04TEFPTmlUYkxoLW10bG1XdW5fY3FHSnZwSnFSMmEzaW0yUElmakdxTWR1OWFpYTgzMHNLMGFCUGJheVA1SUFVN3B0d3E3NXFLZ19NVUltS2RPenZ4RlJHOGNIMmV3dG5RNGNoN2tyekxyWnlUamFLMWZRazVoLVZvRkNOeExFdC1TbzJvZTBrQ0VXSjlWcFhFZFg5YWVGbTNPMWFtQQ?hl=en-IN&gl=IN&ceid=IN%3Aen,"Seven dead, several feared buried"
24,Nation,https://news.google.com/read/CBMiuAJBVV95cUxQWENuWmlSaWpVTzlsTkxCdXU4TmtRT2ZsOGp3dnFPS3pzY28xTDRIMDZGejJLUzR6OFVwUlZzbDdIVV9OVHNfeTBrVWVtRUR3ZUdLSnFNYlZTdmNldEtQMkl2OFFodVhwanQyUEpwZ2FGYmhCZ1pUMXE5TzlJZGQ1U2J3d2dWRWpZSXg5NTFTMVZjYTlfa200NmxXWUMwdV81ZXdFbnFmYlVXQlRXdVZhQ0M0S2RjdE1QUTBJNlRfNzdaS0VsTFlaYmxMM0k3WlN5YlV0YU5uXzZFRUgtalVnSDNxNE80S29XVXl3YVphVUlFdC15MXBMXzJXdGI5U0lIWFBsV2QyZGpubkFXZjd1UEhuaGNUWHY1VmxBZzVvSlJIaGxWMVN1azdCNmxvM2UxZ05kWmVsRHo?hl=en-IN&gl=IN&ceid=IN%3Aen,Maharashtra ex-Minister Baba Siddique shot dead in Mumbai's Bandra
25,World,https://news.google.com/read/CBMi3wJBVV95cUxOb2xEbU56bjN1X1d4SEtYTGt2aFhVVjZyZWIxdGNFSnFZNFhia19KaGl1dUNsMFJZdnFGMDFSMXB1dWNnRUl6b3FrMzJxTzdYcTJNbC1WcGRwQ253bnpjX2s4TXNkMWZHa25Ud29NQ1hwY2hucVBrWlRhZXJ3YUU2MW1iRHBXMnBMZ0xTTVBMRVVMSFJsenE4X2tGX2NKR3JSYTdpZXBrTnJGX1NWc3ByNzhnNUdGRGRORlc2YjlfM2tJcGdUaVVuVVZUWEJwX0hQejhkQlRsc01kTXB3bktPTlVrSDk4ZE9JNG9Cc05xUTNsVmFRbFRwcHVCREpPMDhMTkNJZjRpS3czZmtEcHVRZFhJdExHamRkUG8xaV9vLUFEYl84MVZPRVRGYnBWR0Z1ZVJRMS1ZQzU4TUxyQTktXzlMTVVHTlY2dVlmVVJ0Sm9JQlUxaENsakpkbC1WdU0?hl=en-IN&gl=IN&ceid=IN%3Aen,"Systematic desecration: India condemns attack on pandal, theft at temple in Bangladesh"
26,Sports,https://news.google.com/read/CBMi1AJBVV95cUxPcFV0eHNGaU9aSUc4Q1FwTlhTWUV0OERzNGxxNlJ5eUhPWDJVXzJQWWpYTk5HcGxTd182TXdWekx5TFRQaTUtRGdxWFF1eldFWl9YR1dHbzY0ZF95TGR3Ylc5UlJQV1MwaVJvTEE5aGpEb3Zkb0UwYXZScHRfRGE0N0h4SHdpeGRwUk85eHVGRW9fMDFaTXhhWnFmV0RxM0pqQTJCTDY5NF9CQ0I3U3hhaDdaUlpjaGc5M2lQRS1adzMxRFJfSUlJMGdOUE5rVF90c2JITVdhUXRZbDJ2bEJJTHpuSExZMDRxbFY3NVdidnFfcmZxT2UyRlhSUGgzamVlMXdJYXA2TjJPYTdZNGNfQnlNNTBsYUsyQnZHUW1JYWR6RHRUbnhxTkNtWG5weXhSbjBpQVJ0dWxCUEQ1emgwOEg1NFJhYjB4d0JRUmxYX2ZFMXJB?hl=en-IN&gl=IN&ceid=IN%3Aen,"3rd T20I: Samson ton powers India to 133-run win, 3-0 series sweep against Bangladesh"
27,TRAIN COLLISION,https://news.google.com/read/CBMi1wJBVV95cUxOaWtvWGI2dUdOSHJVaEpfUVdmLTlWOUJWTUF5V1hyRFNjYmxJb3dOMzg1N29INTVvZEFBeVhYTktNWnFfdW95YXJHQkJvek9uMVBuN0MtclFvTHZqZGwyOEMwampfMlpkVHhVVmhENjAtN0RINzExVHg2S1JIRGlxNEFyNWpXaENMUUsxc3FkaDctQlY4QmMyUkZKNEsxWkNYMGN4UTdvZDd1REdMTlJkYVZYc0Zpa0h1N01RRHpNRWVTc0Mwd253bTkwR05vdDZNckVmUXUtNF9oQmp2ZWc0c3Rod2N5SlUxSEJXWHBiVnViWVF6UnJuYmstYlZaQ25DVHRGbmV4bnBKMl9Xdk9Zbk9KQlA0YWRtYVdPVGRuWEpXcG81VHRYd0RaT3BSQzhwR3ZtVjZmUzl5OEZLUmV3WUlTZUsydnctWG9pd2RzNkQxelJuNmd3?hl=en-IN&gl=IN&ceid=IN%3Aen,Mysuru-Darbhanga Bagmati Express rams into goods train near Chennai
28,üñäÔ∏è K Karthikeyan,https://news.google.com/read/CBMi-gJBVV95cUxNZDFPdWk1T2tjd0VIT0tkSUYwcWx5R01kT2w3OGlWLUVfUGc3QlhVX0c5aG9HaFVETmxrNEtyZ09Sel9jZGJNY3FjS3JLSHhVdHZ3Z1M2LWtudWxjWU84ZG16cW9HTVBvOUd2X1JDVlpKWEU5Q243SjlZQXRBc2FILUVsVVYxbzNVR2JfYXpqc3JtSGJwb0daMFRBQk1Jd3A4WVhCZ0p1VUd6SEg4Vi1XNHAwU0gzYW9ITzkzMGw1R3ppREN2NUFVNjVMaHI2cFdkS2t3dDdWYzNqWktOeFFxR3UzLW1CODNCMHFFWm9LMGFSblZOdHUyY0Zkc2MxM0h4dGZvZlQwX0NGUzR1LU4zSUNObG5kVWtTUTZFXzFIcTV0VGNsMW82VTdJZUN4Z3FVQzJMV1E3TnFFSy1Qb3lHRDZEcFVYdGlndmlRNUkzd0QzWmx1RnVQTUZVLXhWSUd5VExaZGtXSXFWcC1yb3lycmRkLXRlNGhOZmc?hl=en-IN&gl=IN&ceid=IN%3Aen,Many hurt as Bagmati Express running at 75km/hr rams into goods train
29,Another Balasore tragedy,https://news.google.com/read/CBMi8AJBVV95cUxONWgxUmhoMWNsUXJweHV1NXpOYWRrS0lxSnhmZUdOZXR2ZWYzVXkyNnFhQjZaQVFlbVNHVDFqZ2duRU9jaTJDLUVVUGhLQUdGTTVwNHctYVdZLVhZdmxZMjlzUVZKUWZibDhSOTVhck5CX2FxUEtsdTY1WDJZdEk4emdNRXFxNHh3aXVTYVg2UkFCbnkzYTBmLWZvVFg4YUl0dkhkUGVibWRNbm1tUnE1bGhJNVk0eGRscnliRVdGQW9MXy1WYXhfdU1NY1ZZdDg5M0xmbUVJRFM3bjlha0lCWXpjZy16WE9GdGNZRzBpejNLeUUxdUxiWFpWc3FyUm4wR2RHT0xBWE10TExwNk4ySWxNWEN2ZWZQN09zS1RnLThyX3NMZ2NVVXFxeHRhcVI5aWRlRHRQQUthSzBKT1VpNHNydmNmdVFsV0NVNXVOMVNmTXRuYmpVdXMxQXVNMWw0VUVWR1o1Qk9EY2gydUVKZA?hl=en-IN&gl=IN&ceid=IN%3Aen,Bagmati express train collision could have been another Balasore tragedy. Two lucky breaks prevented it
30,Attack On Hindus In B'desh,https://news.google.com/read/CBMiywJBVV95cUxOUEZyRTd5QkN3S3dGUmctcGNaV2g0ai1PeTMzd19Jdl9sVE9LdENVRlVKVlYyc0FMZmFVeUhDZTdFWFB0UDlmZ2hiNmtISDFhQlFqYkk3MDRFdXZqRktPWm4wVnM4elo5WEFUSFZKdnlpUUhyeFJsMVVSbDRjbE9qdmM5ZlNxSEsxR2M0NDVocTBkQWZyM19NU05FVk9jUm1LT1ZIVDh3MHg1WjBJbjFDMlFzVlBycTFDX2liU2pNRGxXeHlZTUYxSWd0UHpFdlFzTjQxLXJxamJXNlUwNk16UHliS3E0QW50SVVxeTdQdTFZcWRXMnlCX2hQNFdJVDJIbHE4ZTB6SHN6elFtSUlQeFlMNzdPZ2FSRUdLY1hOeWItMndpOGdzWWNXRzY1UmZ6MDJpNi1hTEtRckwzMnBQbTlYMmVmN0szUWc0?hl=en-IN&gl=IN&ceid=IN%3Aen,"'Cocktail bomb' Hurled At Durga Puja Pandal In Dhaka, 4 Stabbed"
31,US Elections,https://news.google.com/read/CBMi7gJBVV95cUxPYnZ6bkF5enUzTUVjZGthV0VsZzR1VVEybzBISU01X1l2SXNfeU1GOGl5VENYUFRNeFVfMEpqczVfdld4M29DemJ0bkE0X0VNNlpERGhTSDNNRDY4SXRmU3RjbldneUh0R0xRLUZyS0tING9COUdWalZSNTFYWDJTYkM0STVNSGlzdlBST3RzOFhhVzE3ekZPWWZrdUd6Xzlfd1Y1dVo0MFFQR1dtd2I0WFRKd0tPX1lyamFsM1JZTS10RmVONWFUb1hRcHZyUUQtVXExZnRBck80RE0xTHloM1FPOHkyVGZmOWltRUdLXzRKNF9TMnU3ODlSRGFmUmhzWHJhMm9PTHdpcHM1enVabVcyODRvMEFfNzYtTHdWdG9RQTJzTFVGdWh5OUhQYlNERVh3NVNNb0dwTGc4NktUUk9USXZNRm9fQm5aUURyT0lSbTctelNHM1loR3BrUDZJYm5DRHp1eXhwNmJqVWc?hl=en-IN&gl=IN&ceid=IN%3Aen,Iran's Threat To Kill Trump More Aggressive Than Thought: Report
32,Middle East Crisis,https://news.google.com/read/CBMi9wJBVV95cUxQZDVCeUFUVXNDQTBfR3A5dzB6Njd3aC1EVXJwMWgzZ2s1Zk1vYlFuQ0x1RENWaFlZUkVxSzRpQnkxQVF4ZVBGLVBiLWFwOEo4OVZhVGI5cnh2UXJWNXItTkdVNXpkTk5JZElyUkp3NFZSTUtDZjNvSkgwd2VfMW8tZXlaMXpLUGRQbUl0QjBST21BVnd1NWlXcGtyUlRyNUtQbXVwUkI2UnlsSzVIMVpSZlAzS2hrZFJGbU1IRWhBS3dMSGs4XzRETlJoQ1ZDN0tOa2R6NU1jWFhJdlhuUmhJZ0d5WFdjd1BqYWF5Y2Z0RV82cko4MkVfTWFRMlcyT2NmU2xRQkdISmVzSzRNTWFPMDV4bnBxb2RrMFYzcGRQVUtOY3FsMXM5M0FsWTViTjJydDh1ek0yNVcteXB0T0VGeXVrdTdIeExhRGphOGlxVm1JZlpBemFwQldOdm9TYkE0RWoxRkhXY1l1eFd4R1JzRjg4REpxbUk?hl=en-IN&gl=IN&ceid=IN%3Aen,Israel Marks Jewish Holiday Amid War First Time Since 1973
33,Web Stories,https://news.google.com/read/CBMivgJBVV95cUxQeXR6aWhVUGpNcFM0ZmxhSXVXWGlub1QtWkpJQkdEVVkzU0t4Q3Y5b2QzYkx1Q1MyVEFuVGs1bUZtLXhuUjkzSnpMMnpnTFR3NjdrNF9VS2ZDT01EcmhjWXo2WmlnalVUajc1NW1qNlBKbTZySlk3cVBGRWd1dmlTZUNxUWxxLXRsNDdVeUg3Q0otRlMya05ZRnlBTzJQMGk5aFJGT21PNXQ2Wkp2S2ZqczNNSVVRWEQ3ZE1pVE5uSHZ2MkR5Q2x1RmNBd0otelF6cS1Lbjlrc2hxcGdLanpFM3lBVGE4UXp3by01M2p2ZlVINjFkTVQwWWk4aUM2aWNuTHkzdDE0Wm1aa2Q4Y09TUDdNWFdycTZOVXlod2ExbUJlay1LYzFBamtVck9qYm4xZmVkc2pDTUpxbElKbnc?hl=en-IN&gl=IN&ceid=IN%3Aen,Sena workers gather for Dussehra rally
34,Web Stories,https://news.google.com/read/CBMixwJBVV95cUxPZXpyUi1lMVM5VlVOa2NCT2VtdFNpVEMwWXBWb3ZnVjhFT09sdXpvTTNuVTd0T0I1RDlmQU11dk5pdXI1TFlhNnlmRmxZRnNtVWxTQnpqSWNwNnlpYUlrSzV1N1NYVm04QmdPNjRGbjEzdUExSGUzU2VOUzRXLVFnXzg4WUFDZ09reVlEczdaUXRlM1lFRzRIbVZzVFRCVGRfaDVKX3MyM1gyOXNudDIzQnUtdnB1MDNqTkk2T21zWlNoYVZJTXVxcnN2LTJhNW5wY3BWRjR6bndBNnloUENHenltazFkb3FtdnVlVFJFOHp5UUhBQTlISlV2VjJCVHpuWW9zV1NuaDRDWWJxZzVmZ25iMUdPT2hISUw1T1o4bkhXb0hZLWNjUUc2ck55TTFVd0pBelBLQkZWY21yYTFVRjhQVmtCYjQ?hl=en-IN&gl=IN&ceid=IN%3Aen,Couple of the week: Karan and Tejasswi
35,Web Stories,https://news.google.com/read/CBMiugJBVV95cUxNRl9FYXVyTHZfZ2g1TmtvRDJaRUkxaGcxM0JHQWhMUXRjWDdxT0RrQ0hYT0dwUDJhdjdKdXBaYzlMMFZrYUJXOE5kVmM4WVdPQ25NcWgzcXN1LUlTWG45Q3FXTURseGVvMHBKMEdBZDcwVGpYaE16MFRWWEhkazE2ckNMem9EUUQ2S2puY0xwODBaNzAwUWVCZm5wMGZxTHpUSjdHY0NYSUozUkhRQlRnVlh3S2RSUk1QaDFNTXY1N0JGZzB2LVYyV0sxa0pxX0VhRmVsa1NMbEl0cFZpTDNvVlQyTFVrS2NUOTh4aGFCbzh4S0JUblA1REpTdnlxenNVYTNaWl8tWW9VbDJRazhhX19jMEZZalQ5VWh4eS1mSG91dHhJcE13VmZlXzB5WHEwaGEyWEFaTUFGUQ?hl=en-IN&gl=IN&ceid=IN%3Aen,Rani Mukerji`s royal red desi look
36,RAILWAYS,https://news.google.com/read/CBMimgVBVV95cUxQVWY4eUlsVktlUDk2RlpES3ZEVU9QMWEyejBtclJnZ0V1N29aR0tHU1RaSGQ4Nm42aW9YNVo0MHFGbWRVczdmSFdVZ0lzYWNmZXpqOTUwU29TSk11R1YzRGt4aDFvTmNjWkhrcjk5T2s5LXRZRWtPUXg3OWdmVUhQZzBLYU5VUGhZVURIQjRDQmp1YlFfQXVSR3pVaEVXWlVnLXd0QjFEaG9BY0VzVkhZSFlwSmpKV1d2VUp0Q3R6aTJzRm5sRl81ZEM0aHRLTm1VTER1b2ZJZGZpUlE3M3Q2Y1R4VGxjSFVMdVpvelc0R1Vmdy1nZ1pvWG9xWk1ERHMwMW1IWlBWamRubk5uQVQ4eW1TcVZZU0VOYUJMdmVmY0Jaemdibll6N25OVUpPOHE4THBJZmJRWC1sYUNnYU0tY2tmTnpnQVZqV3UyRHlCRGhrZkJqMmg2T2dBaEp2Z3A1b01hRXd5TlFKY01Jb2JoZl94UjBoNWJSZG8xNW1FN0pscjRWaGtSZkxkclhOSGZKSFd0eW11YTNoM0JMd2xTN2N5bXgzS19kS1JwMzMzdzFlZENGdFYzTHhsdmJ1azh2Nzc3VWo0ZnppTVIxajNxM2dQVjhKeTI0Zm1KWU9MN3BqM2pycmdfd2Y0TDFaYmNQUnJOcWYyc2NCYVRNSlp2Zk14YUVxbE9WcUdBWFVmYVFyNFZncGxIeDAyc3NfWmpzaDViVE00Ukt3ZXFUdlNVdU8xNm5WbVNuMFBzOFRFTmVHMkY4eDZxMFNUTFowdDZWSVYxZ2YzMnpnUjE0RV9BSEtqMFlraEhQYTliUzNWM3l4ak1Ub2lMRzFaZk1rT0lZMnZJdlhmdDFpUGE1ektvU1ZmSzZvZU1iZnc?hl=en-IN&gl=IN&ceid=IN%3Aen,Special Patna-Delhi Vande Bharat Express: All you need to know
37,INDIA,https://news.google.com/read/CBMigwVBVV95cUxOMVVTcnBndS1vWWlLNW5kdllIMmNmeEJjelAyeG5kb0RlUk1rOHFJcklkWTBvY1BwUDJNTkw2RU8xQUc0YVhqTTQwRklUMWNxS2xGM0pPeVJpU3psWDFhWEoza21mN0NBUjZfeEZZeGZPSHZuLXQyY3dXUVBoc1dJY3ZLSHRhNVczMGhKd2xKdTRLYU1sRTg0bmJaRE1PdDBoakRDRnkzemc2bW81V0J0SURiTVgtMFgwRHhMR1lSVVlRTmgxSGdQYjVkZ09fZ3BCZFd0Mnlac0t0dDE3QjF5cmdURzV6eHJaQkowVndZVk9iaGdMYUNQSkcwX3IyT1E3WWZWZzgwLUhYX05sVktwdG01SEZVVFRrZFRpTmppbUFXM1dUdTFHWl9DRVJaamF5dEs4VUtKanNCMTV0bEM5Y1lzRDZWWjBERVg4MFkxQ0VKVGxnSFAyY3djWkFFYlhjbnl0eUkzRXpFaVgzODFmMGVZdjdZNDdjMml6X0dGNVI4LUtuNXRLc3o3VGV0ZF9VeGNWWkctS3FOUnpVZ0hpeEJBZFhZZW9mLW9ycVczdFlacWR3bVFYNS1BUWZDZ0YyYVNjbG92WlpFWDcxQzdueVBUY2pMTFA1R3M3TjJWQnAybWNzdm5YdlRXMTYzRUw2VEFfLWxTM0NXZERTOVVOejFvMDdSNFFFTEctREE1WThKUDhSVDNYUk5SRlh1VXZYYlMzU3FNYldvX3c2OGMyQ3VaYW1ncUxCZ2pqWUE0RUJsQlFhVWFHV0ZCVUxKek1KTHFzXzd6M0EtYUxKVnppVW4xV01RSWtteWh4TjJHRWhKZXBuX3hrLWF2Z0ZhMzRsaDRN?hl=en-IN&gl=IN&ceid=IN%3Aen,Gujarat: Nine labourers killed in soil collapse at factory site
38,EXPRESS MOBILITY,https://news.google.com/read/CBMi_ARBVV95cUxPNmRkRWt5MUdEd2JXc2lqdkdWYTdhOEZhNGNuT1pWSEJYVElJeTFMMkMtNlF4OFcwT25veTFxZlVNWXpJUnhCcHpiNDF4eUVPRWVUU0VGSHZoNFpmenFIckg4Y05hVGE0OE43c251WW1XckhMQ0FTNFJTdmZFTjNJZzFsdDJ4bldaanJoZnh4UnhQR0UxRm5VcV9DXzRza3pVcWJyMExsTDJaaVJuanJGWDVJRzdJNVE1Xy1jbUFOcUZJeHJhUTdKOEhSNFQ1dVlUUGFrUE9lVWhYbnhHY3lWWFVXU0Rsb3FXVWVBRTRVV1ZzVG1SUlhLdko4NG9PLWhwUWhDVVBnVWlhckh4TGF6MnhQQzdBTkNMMVNkall5c0Q2QkxCUDhBaEgxTGNQZTlZanpORjNvVGpwSVpfNUpuM3BxUElfd1NQMTZyM0dkWXhMa3A0dDM5VUZrcnlaY1QwMWVXRng5azJTMjNRVXNOM1k3Y21EUFpyWUVnSkhMTE1hUzNFZ3pybTZuWU9YYXd0UDJDdFB4ZUdSR0x1dW91RmJVMTkxUDVMTTlvOHdGYlpTc3ZNcXRqUlZ0cXMydUNFVGl6UVcwbkJaM2JndlpfQ2J3M1NveEpiV3p2NzVPWHA5Zm42TExlOV9kQVdlUjhXWDBvMTJUQlBMRDUyZVdaMG95SExVUXMxTnFoNFBxbXFRMk9OUEJVTU94dzFMdWwwVUVreThmdVZlNTVaVExCWFA0SmNjOThIQUF6WnFHSHVWekNHTkpRR1BJUmlieHhyOHh2WWZzdGNsdEVmUl9IUThIb1FQTzZEZmtwLW9zR2tTX2R2Q0pWLU1JdmY?hl=en-IN&gl=IN&ceid=IN%3Aen,Matter Group inaugurates its first experience hub in Ahmedabad
39,RG Kar Case,https://news.google.com/read/CBMizgJBVV95cUxPX1FiNWVMeW5iNFdGMkVsNHhJVjJhYnhld1RfRUtxTGpHZEhyeTdfNFU5WUJoQ3RfU2dmWF9YWDR1My0xMGJWZ2hhQ3d1WjVBV0lXTDVwYXlZRy1lUThvN0pqa2FMV2dLaXA4a05IQ2tDV3NST3VvZFJSbklnLUU3SmdfM2xvaEdheHEycVZ1bDlGUlJZS0tnbXBHTkRKVmJxeG5SSXMxZS1Nb3Z5MHJSZV9hU1VtYjlUbmNEcnNKdE93eVo1bkt0YjNabkpDVHBfTGZBZzd1NjVSODg5R2h4WFhyNFQwU3F3ZnFtSF9WUjRkTUN4WDVpem1Vd0ZwdGFGYjhpMDdWVnFJVTAwSC02VFIyVXpNSlRKa0hSUnBRTEpfaU0xMUsyYzc5aU9lTE5mR25Kck10aEs0QWExTGRtSGZSVkdsRTBTY0ZvVEFn?hl=en-IN&gl=IN&ceid=IN%3Aen,Bengal Govt Rejects Mass Resignation As More Doctors Join Strike
40,Rain In The Sahara,https://news.google.com/read/CBMiuAJBVV95cUxPd2RWczFGX3pZYmMzQS1rUHZnQnEtOTZBWXhNWU92dlR6VWcwN3JtUHNhQUFOaW5XaTB2UXRGZmVkSzVmVmdyVnA0b2lpaVdsYWQ2MFVSTF92STFFVmZXT051ZXFnYUdnSUZLNVlVSlVmWmc4NGJGUXBnZDh4ZUs5My1QMURUQ2lLMDBjWm1xVGM3UWc0M0tENElDQVdUTEN1NU5ieC03d2JpZnotN3NlOWtrNEltSHhXOW1HT1NaMUxCRlY2QW9VZ3hPUnY4SXh1eHFsYk9BQ0xlNlRvZWd1Z0h1SmkwdUx6THBvN2pmZFU2SDE4Y2ZQSlVualVpRV9Tbmd1SUpxc1JkcXlVOW5LeU9LVUpoTHc2Q2ZMVzBieTdfLTdiZUVSbFFjcWpicnVfdjZrUjB5a1M?hl=en-IN&gl=IN&ceid=IN%3Aen,"For First Time In 50 Years, Rare Rain Floods Sahara Desert"
41,Haryana Elections 2024,https://news.google.com/read/CBMi0AJBVV95cUxOT3hCR1ZlQjFFcTBwa1lNS3RHQUY5alJEWFdKQlRETjVGWWxUYXF6ZkJzM1FNMnUxcDR1b1drdFpxakNuOXRSYTVseHEwLWNrV1FGNGVfZGhNYXY2VTFBOTlySEphcjJmTW01VjlSeDE4cXcwY2dSTll2Z2F3Y2YxbFktMmUwbGxkUG42TlpJU2lXak9qRnpVUWVEa1pTbk1XenhDRUZHVXNqUWNLYURQRWYxdWVDM3ZCam5ZRUFHRmVyOUtwR2NpVkdqLVNYZG04bGl5OFFXVVhzODdsaVR0cF95eUtlLTN6b0N4a1hwa3pzb0tybS1fTmFneEpKSG53Y2RhLU9FMGhUWXIxbkYtZlJhOHQ0aGhBX25ZTGV1bWJSd1BITU1QMFRDRHdmRDZkWGw1TGp1cEhKeUJ1YmJvV05PRVk3cHN6UlJ0ZUxYVW8?hl=en-IN&gl=IN&ceid=IN%3Aen,New Govt To Be Sworn-In On Oct 17 With Nayab Singh Saini As CM
42,India,https://news.google.com/read/CBMipgNBVV95cUxPOEZmU0p3ek44SHR6OGlJV2ZhLUdaeXR5Wk1hTXhjenNFVERTUWpkVllvQWl5UG5Yd0gwdUlYV3pjWTFBcTNkeFFWZlh0VkFEVEp6WEVzN29pU3hUTnE3bnpZakZhZVNRbW1TZFdIQlYyNlNhR2xmbHpoM2hRTGR1dnZ6cERIbjlqTi1yVjNpRXRxWVJscXdZcEF5Tk1UNF9Yc2ZRelBRN0VvbzJVSmxNM3pBb1cwNzNCbmJfdFJvTUM2VkVwN3daVlpfY05GWkF6WTFzd1c4aUJKTzNGbEdyaVpadmVBT040dFRoLUlnZVhneFl1cExyMm5EOUlpVjJNa2U5cThLMkhQaktaeFktSWh3aHhKTDlQYlM2SXpxaDdsTjZwUjV0NWVJUFVGRkFwcTlwZ28xMkthclNFamJXRXMwaEZNSFhlOGQ1TFN4Yi02NUVzRGw0WnJBb3V5bkF3bm1vNzQ3UWFfdUI1bEcyOFVVcGpNRVp4ZG9KTHNQbVYweWo4UHdmMFpXYTlUSTlBTXdnRzhhQXZzZVE4OWNwbnNfei1Sdw?hl=en-IN&gl=IN&ceid=IN%3Aen,"6 Workers Dead In Wall Collapse In Gujarat, PMO Grants Ex-Gratia"
43,India,https://news.google.com/read/CBMioANBVV95cUxPN3VUU2VZR3NHZ3lDYkRpOU83Vlc4d3JMUUVSMzFHYU4xMkZKLTdrZDl2eXJySkdqSGxhVW5oT0EyWU5uMzNHNF9HeDdVVDVHY3BSTUVDa2JNVTVRMk84SmlibU5aSThLeGpzcl9tTHhfYXdJWU5CZ0VrVHlkekY4UDVPX3RRVmtIbjJIZXl1cHpydnZTSmpLVXlUaHVRV3ozaEdWSmRiWVdJZFF4S2p6ZFV4Wjh4WVpPVU5Bb3M1WHVEWnJtSnh1OEVpSXBZU2FjdGtCMlAzMzB0Ni1fdl80UGRhQWZST1BxSlprbDk4a3ByR2lPTWUwTGZ6U3BqX1UxcUt2eFZTeFRJcGpVcG54MWdOZ0QyZy1MNC1ySUlzZmdjeU85MC1JcnN0dGNKSkk5aUNxRjRfZUtxdXhfMEJOM0FWZTdmc3FEd0VFcEYzOUtta1FJUGhvdUEtelAyQ0tHeXBlZ0FGQmg4N3ZCSWNWUlJMRnFIM3hMZmF2LVh5RWV2dkZTMmY2VHlKX2JGOFJUZ1Nyd252Z2N4Mk9WcDlSMg?hl=en-IN&gl=IN&ceid=IN%3Aen,‚ÄòParty Of Terrorists‚Äô: Kharge‚Äôs On PM Modi's ‚ÄòUrban Naxal‚Äô Jibe
44,Ent,https://news.google.com/read/CBMihgNBVV95cUxQVTRyTVFlM1pWVUE5YXJNUUNlbFdMdnFJR1IyNW9jQmxNS0JJTC1uRGtESEhwc1k1X2pVeVFGNXpiZnRsbXdlVkdSOU5EOUxyMS1TZ2pnMENzQzY1ZUN3Z0lHTGpIS2hobWpEWEJPODQ5cFhGZDhtV1dnR2VlQzlzc2ZDUzdyMmhIV0k5TFpjQTZyWTBLSUZlcnZlb1pXTndCc0dWR3o3OWhDdkNBbHBraXBxemU0c3ROY3B1QUpDcExtZVB2OFZJdnNjRGNQYlpQZ3B2WFZFUGJTbVBUdkUwMnRtRlpQdkVuSkEyaG42Y0JTdWhHaGI4RkFWbTJKLXhNalJwWnUydVB2clVmaC11UlVJNHp5bTdXbUtxSFV4REZqZ3gzMHplYVk1Nk55N2o1VEFhMkVQVFNqNWZfdzBabE1OZ3ZqSUhFM0hIU1Y0TFRKVFJRVFkzQnZnNmxiZXhqMHY5eWc5Mnk0c3pVSXA1a2d6Qi1WWUpYMkQwQ1d4dV91dzczc2c?hl=en-IN&gl=IN&ceid=IN%3Aen,Alia Bhatt Recalls Moments Before Raha's Paparazzi Debut
45,india,https://news.google.com/read/CBMikAVBVV95cUxPS2c2dHd5WHp6Q2FkQ3hHSGdpejNKVGs0X0VWMUllLUowcmFGVE83YnlnekJPdlpXc1VjelVvTlJMeW1KZEVQOG82RC1BSDVWTllVNVNROGtFMDZYdmZiYlpJZVZLWjZrR2pLbXl6TVZ5QjFFaV9jSWNCQ2lmdlhBQ2hfNmtiQ25uRzZzVTRGdm9Cc0dBVUNUVllpakNPaGhxUG9aWGd3ZDBWVFpWM1RaLWV4M2lSMzlTZVVPeElzU08waWk1WGVGYXRCTnRsek9zczg4WlBod09xTmk3eE1FVkpXeGdFMWhGSXU4UzVSdExFWXdXZmRUTUtsRmRWN2ZhVWdnMGNva0ozUUpVT2c3MWZyUGMyaVhrckc4d2o1MVkzVjN6TVNDajFYaUdnRzlycmhZREFKeVpwQUVVTmFBTWU1Q0thTE5pV2I3c2RLVm9JNi0tR21uYkJ2T2Radi1RSlgzakttemtONHViVjFFaW5wRnN6MzhHeWVjbVJsYjY1QjVVYlhIcU5TX05ndEdKNWR0dnJONnlTd3Vkcnl3UUxiU2QzMnVjNWdqeGdFeWpnUFFJTnYyVVNEam01a0t0Q04yVnVXRjJRRGJDajJUTGhtSTNCaThNRWJNdVNIdEI1bUJYS0VUV29IajgyckdVWGp5bFZIeTZOTE9VZE1mN1B2ZnViOFFhQUFUeV9PTGpoMjV5MmMtTUplc2hySTJ5T3ZCR3V4cTlWNjZyVFZZMUg3a2ZmbEhURXhVOXg1c25BWEZ5ZnA0WkFvNF9nendVOE1oRjVEa2tIWlJRT011RHhmZkZPMmJXUHh0aExkRlAySkdlUFBoUUptSG9QT0tYaFQ4N2V6ZWZZQlpZMkZKcA?hl=en-IN&gl=IN&ceid=IN%3Aen,NCP leader Baba Siddique succumbs to gunshot injuries; 'lost a g
46,india,https://news.google.com/read/CBMimwVBVV95cUxNZW5mb3BiU2tFYkZkNVpiek1rRkJKMUlzVkRmd3VmdjVXU0prdVg2MmtrWEpuV0ZncERHakctTU1YdDc0WEFKNjJuN0hWSFlvZEM1MEZDeVRLYURpSG0wRkRmVXlIX0xaelBXQjhIbl9iV1Uxd3V2MmFRaWlKMzRzRlFjQ2xYdGlPN21adzhoU2w3SjEwUWVCVVdtX1hmQ210RWhMRFI1bFY5elRtNVQwaVNxVFdMc2cxclprU29BbUgxbFlKdjY5TGljNDNnc2EwVjhuZlBxYXg2dVVDRTBWNFRyUjVHRkpXTlRFZERjQmNJV3N1eDBaRndNRjNSMUQwWlhabzBJbE9FLU51YXlaTlFHSzJiM2hsemJBTjVHVVNSQmpTSzF1UWxEVUdOOHJja2QtbkV0YzBYV1JKdkNveWFWTVliTDBSeWxnVENrY0o4VjE2MmxaOW9nLURSZlRJNzBJV1dNaXh6N0o5dlEwYndOdlItX0RORUhZUGN5c0FqN2lOQzVVX24wQ09vdC1XYVlLeHlkYWUxbHlrcE1Fczl0QjdoS3BPQ2d5cGszMEcxakx6VkdrTFJqbWstT05SOXdXYngtMnBPVFNXcFlpNzlIdTlQbG5CTXhJaWdPOTY2c1JUbzJrd3FHZi1HemV0Q25Ca1NUbVZmTEFOMDh4TXR1N3FDS0VQX0Rhb0VRSmpEOU5QQzdJcWFDV1RlNFIzZ083d0ZuVGp0UVBVYl9pQlZJallsbk91NWhTVWhFVVRZSF9CX2NpS0diVHVvS1h1WHdPNVdFbU91ZGdVc1E0YVU0Z200THRZN0lJXzZOd19kWTZGVnVFWGc4UU9xM18wTEJZbTQ4T1hFTE13dUZaQkg1UzQ2aUc2R2ZV?hl=en-IN&gl=IN&ceid=IN%3Aen,Centre eyes 1 million sites to harvest rainwater by next monsoon
47,india,https://news.google.com/read/CBMipwVBVV95cUxPWjVIRUZTTzl4ZGhFYTl6Rm1VQkh2dHd3MXk0bFFSSHpPWFRZQlhBVnR1V3F3dXRHUTdWVmUzRWhjMG5ELThtRUVGbVo0M19DeEdxalV0cEhSZndFb1JHaEVHMlcxWVlzSWE3bXpZVVl5a3hiOGlTNjdvRjl6ZnVzc1dZUkZIQ0tuc2xFLXQ0U0xrcl9zZG53b1NHNHBOcWttZ2hYLUtyaE43cy1POVU3NmFmUDhaUHd1bGpZejBpWnF4ekY0a2ZKbTVzTDZiM202T1FUMmhpOHNYSnY2NUZyYzdtQmp5RXdlTFhqbjUtZVBLTkUzbk9hNVRSa2M2N1AzbWZfZVowdDBhdWxhNlFMVTdwMWZILVNhRS1vZ1ZRUmV6b3J1ZWt3WHNPQ181bUlERkExbFpfTWtYR09EVkJjZDhuYVJLVWVGZjdJQURfYVhHYW5abHJQOUkybV9MREJSUlhHMjNOV0xma1d3LVRoMlBIZl9RY1p4ZVY5cVlSYUFFRHg2bWdvRFl4T0dVM3pXWHJOdkR6a3E3MzV5S1pOam9uQ3VsTHN0TjBfUFRGRk4xR3dQZGN3amg3YjFzN1FnVUdCT09jd25nWDhIY3dHTGVMUHZrdE5mSjdxdUwwVVlnVHUtbEVSMUE4TjI3U3ZaWGU4dEg3VENILXgxSWdsVmRydkcxZDl2VWVwMEtPNnUyOXFGYU4zRUo3azM5SjdjRjBGZXI1QS1fYmVrakFacm9FRnAwckZMNDNoSW1YZm12OUZDUWhsci1rVEpyMWhRVUNmczY0aU04MjFtTVZ3SjhUY2FzQmhuSnI2c2IxYWY2UkhFd3ZMSm5wTzF4eXFMVEhiRXI1TDVpYkN2Qjk3cGtLOHprRW5oOV9tY0R0VEQyaC1sR2pB?hl=en-IN&gl=IN&ceid=IN%3Aen,RSS chief Mohan Bhagwat: Hindus must take lessons from Banglades
48,Mumbai,https://news.google.com/read/CBMiqAJBVV95cUxQaXAtSjFVcGtxVmVYWUFqazNfYWNROUY1cFlLSmg2QXpGajZuaFo2UXQ2Q2Y4QWY5el81WGc2RDFtWVFsbUpqMDluT0FOOS02OTloY0hicTV3YUthMzZUdXhDY1pYTkgta3B4Z1hhMXZiLTBDcVRJYncxQTl0SGRXV1YtM041U0EtRlh2cE9ma09iVXY4eFZPNWVWTHFmS1RRRnJNV1VnX181UUhaMHh4TFM2WlRhamVzY29GLVNQLUhTVHBzSlVraFF3RmJETHBLTGlxSFNObWRLYWRtdUxZQVVFOVJXMHhqQ1BWWW5oZnBuMVBzNGhwejBidlJicGtyWW9fZXVNdEgxbTlSWU9mMzZ0QUYxcTItUGNPTVVYUnVMZ2Z4elVzZg?hl=en-IN&gl=IN&ceid=IN%3Aen,NCP leader Baba Siddique dies after being shot at in Mumbai
49,London,https://news.google.com/read/CBMirwJBVV95cUxObmxWc3V5NFJLckVZRDl2MVFIRnk1UzhmeU5Vb0I2ckVMWWpXZXBhTFFCX3M4NnJVTXJrMVNtdnhFTlhRbWRHbHl1VjNBbnAwRnZoN2ktVVVVbTUwNGJMajlkRWVGSkFWa0M3NHpuQVM2Tjg0cVJmSFktQ0lORGlkVk5pLWw3ZS1EdW50dUkwaHQ4TU1kN3dOcVkxQ01kNGEzV0tKNnVzQnRndGJuUGY5bk8yQk9Dc1J1ajFURW5uZUR0VFp3RVZWWmJOVnd0d2xwMUc4dk1jVndhbW04Z01HYzlGUjZraG9pSWs4X0IzTDVKSnRxVkR6ZlV4UWZHUERjTG04c0w2LUJWVjRCVlRrNWUtNUZHeUM2eGs4amVNdEUzVTU5M3ZSLTN1aWx5MTA?hl=en-IN&gl=IN&ceid=IN%3Aen,"India ranks 105th in 2024 Global Hunger Index, in 'serious' category"
50,Middle East,https://news.google.com/read/CBMiuwJBVV95cUxNQ2VhWlVJVXlPeHBCSWQ0MEoyOUxRamtWWTdURVNiQU44U3VvMmJlYzZUVFRRY1JERUNGSzdjUW96QWlJYW84Y19xU2pmYTJuVGdnNGkxdFRuV1dHUjRsRmMxS0g5SHljeXdRdVoxT0l0M0VpYnVzdFJJSTJ6OWdYbTBJMXhCM1l0eFdrV0JmYVFpeUdMR0NhOE9ySXdLNlJiYTVQVmhNX3hJOGI3REtpeVpXWHBZYlREckJ5UU82Q25NM0FlVng5N3pnR3hyRjEwckdHUGxkeGw5MDNKU1hBOU9kLXZZUllTZnlnMjVBdkZXbUpQamhsdnVuSDF1WndKLThMZHJsWTdQSnBhc1RyeHhDa2hOZVRxaVlYYy16bWFva1ZlMlJMY01OZ3JjekJQY2puLUxpanNUdU0?hl=en-IN&gl=IN&ceid=IN%3Aen,Iran warns US allies in Middle East against helping Israel: Report
51,Telangana,https://news.google.com/read/CBMi-AJBVV95cUxNeWxxZUMzZkZmSVhGb3N6OFcyZ3NPWGI2MHhYVHpXODBFdXFDazVDaTdJQ01XT1FaN2ZwM081bTQzcElXNzI2ZnN3UVBmMy1QajZHeHdMYm9ldWxKQThQWmlRM0ZETXZOMXpOTVFuemUwOHg0eHZ6Q2RwUHpHWmtwYXdhaGNaRTZvNE1jZmFZN0dzbUF3ZFJ1cF8yUk1yQ3B4dWFhMHlETTI2ZU5lMXo4U09wei1fSE1CNmZ5NVgzT1R5d1BCbjdhSFZnVGprQ1lIeEczc0w1ZWFPQU1tN0NsY3B4XzdYWEtUdmp3Z0E1THBOc2FOOF9rb3U3RVk4MkQ1SEtQVms4cl9qUW9hNUxKNXhGbDQ3aUJjc1hsRXQ5eEk1MmUzNUVheUFCZkZNRWwxMENHNmZCZ2hZSy1zSUF5VHFveDYxQ25XYWx2a2FidHJPajhFWVRxZ1dwMVhuRlZScTNzSElyQ1BNX2N5QlFZcXhHYkQ4ZG5J?hl=en-IN&gl=IN&ceid=IN%3Aen,"Sanju, Suryakumar, Hardik shine as India register 297/6"
52,New Delhi,https://news.google.com/read/CBMi0wJBVV95cUxNUnRzMC00UHhhRHRFVGJkSWh3MFNGU0NNOFRwNHBYdGxSS3Y3VlpaRGxkdmZoV2V6aTJFMzJ6WG04QURRbnVXMm5DVWpwM1ZLdFNISWhaQ1dBTFkzdldkVktPMW9wMDE0R01fYzM4SnBpYjllUmo3LW1FWE91YS1OWjlIUzd3Ri1MbEozVUZ5ZTg1dzJZc3l0QzR3c0JDcTQwSDhKNEU0S0F6bHVuVERMdVFVbU0yV2dFbHZnb19zaVc4dV9nR3lDb0plbmkxdzJ3MTJVMVNFY0tyaktERWJKendxTzRJRFhBMGtlWGZlMzlSQkE4SHNMMzF0Zmk5TWU2b2lwdmVYZVpwc1pLN1VRelBhNHJXWG5RTzJCcXV0NkZBS1JwU2p2Xzc2QmxvM1Z5MDNnN1hKRkh3U09mZElLeFZHLVFYVkF4N3hlSVpGUThMN3M?hl=en-IN&gl=IN&ceid=IN%3Aen,Gautam Adani emerges as highest wealth gainer: Forbes India List
53,New Delhi,https://news.google.com/read/CBMi_gJBVV95cUxQMHI5WW83aFVDVHNLbVVXaFhrSW5wRlRsUlJuVkxwZTZ0LWI2X3d2Q1RnTFhKLUxCTTVmMVRTSHYxSlpIalVMbnpZWk1OZm52MmJHdHhUN1c5OFBqVklINVBjSnRibGRaWTctOHQ4UVZvN2psZEpob2dvRUZPVTFzR1p5a18zOW4xUUhLQ3B1SG9sUU9EYzlFSFZVQ19IQlQzOFVpYUVWUzZaTW5QQXFSNy12ZWNSQXhnc29lUjJ3QlU1bkN0c1JuR2xYVWFiWW14eDhYRXNUVWNtYUFGSDhrUjJVdVVhTG8yd0FwWkxnRFhHWW45S3ZPSnh4QUplemlXVUNYeDdtc2FaMW5Ia3lENzlrWFA3VDkxWm81MnlqazJyWXNZSHY3N01WZkktU3hmTW5OaV9LOGxkSmpnTHJLNVdLWEtlRlVYalJkdHdVTVFVNFc3VV9yZ3d5bkttME9DSHRsWndHam91RVVnRFBOZERJQlZqMGxlang3SGRn?hl=en-IN&gl=IN&ceid=IN%3Aen,Less women judges due to fewer female lawyers: Justice Hima Kohli
54,Manipur,https://news.google.com/read/CBMi2gJBVV95cUxQVFYtc051ZllPa0Y1cVVaQ2Y2eGo5MnkxRVV3eklpaG1VWThiWGg1VjI3X1R6dHhWanUyWlZKQXhqXzJtVlBCdFFZNEo5UkFxbE1kUXVPTzBnWGNrS0p1X1ZSalBsclRXaW5tU1prakR5bGhab3R6ek5lN2RLWkVtZUZJcC1DaTkwQi1EN0tXN01uS0RDaHJXbUNDblhSZm94dVdQY3FUaWNUZnNVV0xnejZ0bmdENWc5aHpaLVJ5a3podVU5VkMwQ0hqaTdJQ0ltRkdmQTRKZDcyclU2Sm1LVDZjQ1NubWRmRy1UUVotbFNtcTc4clpYQ0szRHA0N1FzZTh3M0tjVE5TdmlLVUZWMS1zNk9EUGc1bm5FOVBwQWF6bjB4aHVsZEU1eV9ZWV9DMlluQ0lFLV9XVk9GRnVuLXQwNkFVV3NKb1I4NXRVMm1MYVFhVllFeDNR?hl=en-IN&gl=IN&ceid=IN%3Aen,Manipur Police Urge Public Support to Combat Rising Extortion
55,Arunachal Pradesh,https://news.google.com/read/CBMi5AJBVV95cUxPX1dZcHBjUXpKWE9oLTNKdm1RM29LV2R1akNWcHhCQUdCaS0wQjNZOGpSdFRYTlZvNVptcVNNN0IwQk5CLV8zR0xwTUpJQXNnRTMyQmRwZGt4TG5MaHJ3aGFsamt6TnpTN0h3XzNFZ0RlUUtlU3pQRFhzMWtRWGZyd2M3cTZvMFdnMnFhd0tjZEpHQlRJWWFSTVVkTFZfVXpPVDBDQm5YZHdmaXFXWHhORVdERDl2TE9KVFpCd0JGaVkxM1hzLUhHU0JKMHljbHpMeFF6WnFFeHRYbjFGc2xsRVZwU3Y4SWd0Um8xM2h5VHk2UG80cTJRQ2NGbUV3OXNZUkRsVlVydzN1djZ1Sm83N1hyaGZEZDF3UkRlRjRycndhUjRjekZ2ZVQ5Z0FBUkxYRk9YNjRUa1lKYk5GWEI2YmNKZlVQZlkwUmpkYUlhVDNsWlNZbFJpUzNhdWRSem9ra1kxUA?hl=en-IN&gl=IN&ceid=IN%3Aen,2 Arrested for Creating and Circulating Fake Pornographic Video
56,Sikkim,https://news.google.com/read/CBMi2AJBVV95cUxOUi1pMEhyRFJ6VEsxblBENFBBTXFRakhNUTBmQzhhZTFDTkNXTkRxaG4wbDVaQUJMZ3hYeGtjcUZXeVFfc19OR3hjaXR2VWdDajY4ZUdlX0dYRGNua3lKeHJCMFFBTV9uUEZTRFZCX1Jyc29iWUl2Y09uRU9mYnloR0FEZkZaRkdGWHNrUWpjdXpKYjU2SWg2eHNmQ1dNYldvZ2U0Y3NzYWdWb2UyN1dKaDdHT2VDYnZXb08tdHpxNjJ3c253UlZjTDRMS3poZFhxM1FSdklDZTFUT2M2YkNxZVJ2X1pJbFA2VXRHUU1SSDdMeDk0aVZLdThHRFJkREN1NHFLYmpWVFhpUnhKRlBDUWxaYnVrQk5fSlhoRU5yalpxTWhXVkp2cHFVcHB4S3BGZzE2MFBSUXdsT0lpV21Kb3IxOGRTbkdMZzZWNGVUUHdWMm05dXljSg?hl=en-IN&gl=IN&ceid=IN%3Aen,Rajnath Singh Dedicates 75 BRO Infrastructure Projects
57,Chennai train accident,https://news.google.com/read/CBMi6ARBVV95cUxOLVhhdUhwUDN4aWhOR2N4M0V3UkMyWlFFNTNHcUhVR1JkSHdoOU4zdlB1QUNwbDFsMVNuZnlRQXp1Z2pTX0V5ZG91LUlrUnNTT2tpU1hpYTBnUFdNMVliWktqSWdVYXc0ZUd2d19oVVhtRVBzRmFURmN0LUt1aXRwSUctUEhOTGd4Tlo4SmpZRi1rVlp0NnZOaUc0eGJtR2JtdTU2OWNJdGZId25sMnRKMmNjVHIxUnFFTFlnWGdld2ZuLXFKeEhGQkUxNWtrNS1hYlhOeWpNTFY4UnZGZ1ZkaEM4MC1HX0VUcG5GMkJHSVo4Z2dlcnJoV295c3hrN0phRENqR1FjVnZIWW5WcW94NEdWdkZYTHFrRWRwbVUwUC1uMnhBd2xjWXBqcTBCMDhITEdlUk5tQ1FfcXh5UVhIU09DQzJUQm5Pc0I3bEhzUFJlWG11T0o3c2pVek9Xa21VWFpqWnMxcm1rcnptZ2luN2ltTTdCZzlOTTZscWNWcjlWakc0UU1QQ3QtODBaY2d2T2xQUGVtSWlPa2QzRU00S1E3RDRaN29tOHlvelQ3Z2dkTHh4Y3FNZFFJbjVRMkpVVWdDQmU4Yk9pa1lsRTJsLThRNVEtNEFWa2xXRzFOeDFTQ3pkdjAzQW9GNHVCdWVUYWFVWEhSQUNCU1UwVmpDaWlDZEFtbVFldjFaTmNPaE9zR3RqVG9nVnk0NUtjX2dwcC1aaDl4aXpySFQ1X3VjaWZxRGtSdllnMkkyUHJQTHdqZXhOSHNWd3FWTXRlMVR6dmNkOWZ5TjZGUDY4enE3YW9pdkNwNm9L?hl=en-IN&gl=IN&ceid=IN%3Aen,13 coaches derail as express train rams into stationary train...
58,Durga Puja celebrations,https://news.google.com/read/CBMiyAVBVV95cUxOa29tbkVBQ1c4aVhHTHJTWFpUOW9vbXBEdkdQWklNdkItRDNHVU54RkJIZlpPZVJqN0hrUFJWLUFKajladGlhVjlxd3VFUlF4RWwtdTZVTWRSYnNseFQzVUNDLUxuVExCQkZRblBrd0RJem4tUzF3LVVHSVJMRFZ6MXI4b1p5eFByTWFmU1JNMjRhajJDNTc4Vm5JMVBxMm1HZHJBa2wxY2FkZm5TV1ZuQTFJbjhpWmZnSjdyZ3hESjRkV2tUQUtDRFR5dnNYb1B2Wk00enVuUGNNT1pwVV9YbUtPbmg5UmhPWlc5SHNZWTBQTG1abVB2OUc2Zm9CYWQyaUQwUHAtenNrVmxQcGl4TmpSTjJ3TTkyNmRDWFdGcHZDOVZ6YjE1Q3FYdDVqd1pmei1JZWZua1BvYVlzMDVxU0VYZ0dCY3JRaE90bWpCWW9OQjJ6VmpkemhlQzE0cU5oOHJGYjlhMTNOZjRyRG1Pd0JDc3c2dE5nN3JBOFY4TlJSc05NUzVyVjhTM3R4Snd6dERqUkNlWG1Xdmo2YnhrbzJOTzZ1M2k5dDVPOUVGWFAyUTNWQjdpQkVvN1lKWWQ3UDlFVGd4c0JMWkNfa1EwalBHRThjZ3F0RGxRQjJGMzRqcjlIaWhPVy1VZlp5MWQ4U2lORU5XcHB6cHpUZ1E5MzUzR3pFUkZlNHVLd0tITjFKZVlXbEZJdGZUVlp3Zk5lVS0ydVA4OGdlS181Z3EzeThYYzktUXZHcnByOWFXeS1neEZCWFoxb1otOVVpQlhpc0YtYW45SkhKZUx0Vm8xOWFIelZadUpuNnZoTHk1ZFlvZWFNLWpRcFA1NElyZVJhWkoxdHVKUnFmTWVOSXZDYkFFS1ZyajZEaUVGTHAxSjN1WC1KSV9id3R2TlZIeUFtLUxrNUZHSUJCT3k3blJ4bERLa1N3UWNF?hl=en-IN&gl=IN&ceid=IN%3Aen,"Amid reports of deities being desecrated during Durga Puja, M..."
59,PM Internship Scheme,https://news.google.com/read/CBMi9wRBVV95cUxNVXc3azdrempEa3VHR1pFdFEwWXdkVENMZDlWYTRXazM2amtSbDZiRXZVam56bklTd3JPbGM3Y0l2X3ExNkg1SGZNSW5QOUNiN2Rtcms4ckIxUm5OYUFxeTlHZUMwTGxwbjRiQjBwVTM1M3JMUXBFbmdlYWkwT1FWODJSNFkyeF91ejBreUwta3BKMldSZThMQzdpWjQtMWpzcEl2NzRxOWZJLVlWYU91RWFGbHBINWZkNnlVaENVZkVXMDVPVVVuN3JiQlI1ek0xTFVUYlczaUJ5blJaYjdEQm12c2UyV2VaZUxLYU9GMWlzX202UUZWaUhDMnhtRHNLNGlmTTNtRXpQRGxiTEtKc0N6SC1kTDF5MEdxMXZlZFYzcUVGd2dBSFFYYlpzeW9BMHgtVmFEMWF5SUpCZUlVSnVPRmJ6YmJKVGI0VGZHeVZ3UGhvcDhpcWdhMndFMmJ5SERhUEZYSlF2OHRNNEozS1dwQllHV1dpdVIxSERfVUZrTXVRb0tsY3VaVFUyNlBQYlNvb210MVRRV3pCTjBmUjc2V3d4SWdRclE0MlBRMlFPZkd3MXhUNS1ZdWxTdXVVMzJjbWJYaWhzcUp4WXR4WjFZaElCekRkaHpuNmhpZG5fYUFxY09GRTlmdENnUGhwSWF6aUpiQ3Zsei12Ym00RXNHR196UXRHRUFHS1Eyd3lIeEg2T1ZnYkNfUDBHMm1JS1g2Z0JMZGpVc3dQUjNNMkhiRFFiWE9kOWl2OFRpZEtfakpOc2hrZUNRN2l1NUlhdTBHbkxGSXBQQlYyVFJrQzE1NElCZUhGMlA5SHFlQW1ndGZ6TGNR?hl=en-IN&gl=IN&ceid=IN%3Aen,Unemployed youth can apply for PM internship scheme from Octo...
60,India News,https://news.google.com/read/CBMiugJBVV95cUxQbDRsbWRfaUFLbm1fZW9FMFZCMW9ZY094VTJySk4zT19UOVZWU3pkd2lQYkdETnlEajFYMDRhVlEwRklfVjVOQ0xnRzNNY3ZaY19raVZSVGZYREdzbXFJRzFmTmJHOVRhaE54Ylg5SUtQWG16OEJPVFpoMThHalVoclVwY0k1RTRlVWhodU1LMjljbS1hMld5aF9RYUpBY0pDcGlZNjFRa25VQTg2UGl0LWx1U0NleDZpMXM1S1dncFp0eXB3SjU1cS1sVE1MbjNJZkpkbTV0VFFXMjhlM0FSWWFPQmV2aTAtMzNEbHFuU2ptb3h0dWRwRU11dzU0VTEzZWdmcU9GVHlXRVUzMF9GV05KdjhBdG5aQldoc2stSVVYMGtOb256YUpFYVhXcXlZZ1BhRHBUSXlTZw?hl=en-IN&gl=IN&ceid=IN%3Aen,Ghaziabad Sub-Inspector Adopts Newborn Girl Found Abandoned In Bushes
61,India News,https://news.google.com/read/CBMizgJBVV95cUxQaG9nV0w2YVgyRUplSGN0cUJKV1ZHZ3hoZVVQN1c2bDVTb3p6MkJTUDZraEFPR0NTOGJrck8tcGVDV2dieTc5Ym85ekhwRzBFVUM4YWFjVXBFNTV5eUgzNEYxNVIxak0yN3Y3MHZCcE1JWDV2UVNKNFphb0k0d0NlRm92aWR0RlQxQUZldnpCVFRIOUJTOXBGZG5NckQyZ0NvRTdCazR0VnZfUWxQamtLWk4zVjl5amwyWlY0bThLenJGcWVudlhkZEtsUmhRTjhxVmtoeDBacklhckFtYzl0TUE5TEJIUjhvOTFrY0I0blh1SURTeG9xaHRoZzhhcEthUFlkeVZaRnpwY1ZDY0ZEYkJXdHZ3cW9KN0hUNHpZYzhzZTNxb2oxRlJzejZYdnduU3NGZUVzbnpmRGpsbzJqa2ZxZGRNclp2S29uR1Jn?hl=en-IN&gl=IN&ceid=IN%3Aen,'Sword of Danger...': Mohan Bhagwat Raises Red Flag Over Attack on Hindus in Bangladesh
62,India News,https://news.google.com/read/CBMi-gJBVV95cUxNS0ViVFpWeV8xVHU5aG5yWU5DVktjczNfY1Nuam9lQ1l0UERneldXakVKTndBN2NMSjlnbkRmWVFqYWdaVWE0dTdkUlktUUpIV3NDWFgxQkVLMXVPVW9TN2lRd1hOR2QxcjREM1pidXF5MHIyT0d0UGRtOVZuMk0tdUdDdFV5TDhSUDR6N0xfaTNnOHVoODg1ZDRMSHRaajdRWVI1ajd5RjhqUFJqdEYxUG5UaGhhZ0VTWHN0UnZKTGRPQ3lJTWg3bWIxOWNySC10ejdRRGVqMDN6Mlp6R0lCSEVSNnRXbEdZM0VjRi1lU05RUGFHRlpKNjA1S2ZqYS1QdnVrYkt2THdLNUtIMWJwcEw0NkVNTEhac09QaWJocUpvOENyekVMN2Q0WElOUlRGTE5lV1ZaNHloUEZYNG1tMGtGMWI3a1p0RURFLVI3TWxaR0ZfbDNxRDBtV29Oa0UxaWhFeUI3Q0RkNFZMU2dYbERtaW04UEdvaGc?hl=en-IN&gl=IN&ceid=IN%3Aen,Former Cricketer Ajay Jadeja Declared Jamnagar Royal Family's Heir
63,SCO Summit,https://news.google.com/read/CBMikgVBVV95cUxOMUhEcHRjVTNvRmZLS2VUYmFhR1dVNUZqTDRUMm1sZk1lTDVPQnBHVHpEMzVtYTFYYlczUHdNRkUwVkFXM1I3TVFNSG1BUUJPOC1fZDQxc0ZGYjFEV0dyTHBVTG1iYzFuWlJNaDg1bW9rRHo1WWxid2E1cnMzQ2NXazV4Q2J5V2FDS2V2bEU1SE9JektPSkxRSFZYdGZ2SnV6ZDNWTjJZZDZEZG9LUU5LblVTY09aUzBnUGF1bTRwdTJDMGlOWTBLQ25vZDVJQ1h6LVl6eDZ3N1Z0MnZ3b29BbzZ2RnFfc2J0RWFFbjdGdlhoLW5BT2cteFhvRi16cHFwYjIxekxEaFNoNHZIeHJzSnNlV3lWRVZudG1JQjczZ0RGWUxzS1h6V1V1aG41ZlpkeGZCRFJBTWc1S1J4NjhEU2tRUFdaNFAxb0RrRVE5TmVWZVpwQ0JXWW05WTdxT21ROEhKZ3M3LXZxOExoeW4wZkotLVp5WHBrU0xMVGI3dnRzV0VDU25fTG9YU3NlM2RwRjNYeW9UTVJxakxGRG9wcGxPeW1hdGphWVZRaVlsb2hzUzFpY0VCTjlHZXhOSzlPa1B5TUk0dVdkcmgwQWR2d2RVYTk1UlZxcDYyclM5MmxNa3hrMWJURnpfYndQMlBHc3A3TC13bFBMd2thXy1FQWlUWU1qTk9vc2lkUktfTkRUWXIzS1Y4ZWlfN0lHZzRLcWptVG9zQ0NIaXB5WjMwRVhudldQS1pqVzNTQ24xUzhCQ0FYZDJKaEthc2ZpM3hKU001NWl2aFZrckxRbVpUYkxmM0tiOXlwX0hkOFFJVXVENFlKckNPdVFhRVROd2FrM2xCYUVzUnYzaldxVzhWc01R?hl=en-IN&gl=IN&ceid=IN%3Aen,Pak govt imposes Section 144 in Rawalpindi ahead of EAM‚Äôs visit
64,US Presidential polls 2024,https://news.google.com/read/CBMirwVBVV95cUxQMnNLN0RHdTB2eGZTc09oQS1RRFdFOWpwbjRZQ0VnVUN0ZFNfNnUzaFdsY2hIWVl1NERmYTRQeS0tTGI4eElyN01NeWluMEhad25VSjRSWC1xRmNRbk54Y3NlT0N3LVI1NTBiLTFtbWNLTkU5WFR4YTlZZHd6TUhSX2tHY1FjLVdTWEx1TEJjeko5d09qblJyNkU0SzlGb0w4b05ZbmFvbEg5NlE4NEt5Q204UG5UblFPd202anF6OHFwT1VnQUxBcFE2U0hmV0JMMnlSV3pXekR6YXdibGt5SlJmR2ZfNE0xZlZEcnFLMmZudWpmME9JLWF3UUpVc3NWSUZtN1ppTU1xLTRYS0ZzUURxYy1lRTlhRThybUd6MTJtM2JVQTRkaS1fOVU1RUVPb2ZTV0pwWTdYY3RNWWNmX19Xa0lmNlJhM05rZ1lFdGd3SzVyUTZJcTk2bHRoLXdVNXFKUHNDdmx0RHVWY0ZTZmlfRk9Jelk3b2FRci02UUNtZGJuMmYtRGREbU13QTZYQVdpU1kxN09BMzV5aGwxR1BFUk9wR1Z0a20wTU9PSVlQWEQ4OUVnZHM5LXE1SDZ6WVJYYTNEVmVkSHpSNFFqd2ZDYUhodDgwYmZBQmt4NGl2TWtQS3R0WWpwWjg0UGFSRW1PV0g5V09Lb1dRNDVoZUJ2d24yVmFHZTA2NVNrRVFDeGVORUZWbi1MSGFhLTctcmxQcWFRWFF2ekt5Zy1tX1J0SmVobC1FU1ppT0I1VFJDdEJNY21PdHBzWThJTEJXZDNEdmNaeDZVZ2ZFSEZtcEFfQUlMRk13TXItRllvY3F1cEJ0STd0Q09YM2JjVkNnTUhPTEJvdUdzOE45RmVOZ0xUeXhjdHNDaWFVdFJhT2ZQLWpRZDNScFZySW54cFU?hl=en-IN&gl=IN&ceid=IN%3Aen,All you need to know about Donald Trump‚Äôs anti-immigration law
65,Sports,https://news.google.com/read/CBMipAVBVV95cUxNQjFOa1h1aUxma2lHejRoV1ppckJhdkluOUN5WllQZ1Nrd05WWGNXLVU0MVVvbTQ0TnNQUVhsblRRbkZzOUdVcFpkdWFPaDZMU25YQTVKVG1SX3RKSnRRQU1NSE93dVBuMlZaOFIzYmpMc1N5R2V4dHF2QVJBS25fUG9mMlZCSXNlLWpuU1dFQlNqVHlZUy1XSHgtcUxuSFdNNF9rYUNHVWNyS3pYS2V3dVMxMGprX19UUThLRm1LRldieE40MlJlYkl4SEYyUWhLWTY0S05FU2hITUxMcUpCQmZBXzR4c09CVFdlTmtnQ3U2bDlDcThKRU5xczNXRW9VV0s5TVlCeERqWDl6ejZQTmRDY0h3aXZQQUM5MklYbDA2TWp2Zndoa01VRVdFWDdNcVNVMi1zYUY1am5lcWtXWVRsWnI0b0EzY3V2R3dRTXJIazVGMGU1bndqOXF2dVBzUmkyc1QwRTJDb2Zuc0JvM0wtZnF6ZExGdVl4N1NwTWpfT2g0clQwbGt6SWtlS1NJbkZJSWNBaTQya2REenE3QTV5MGh5UVlNQUZ1VXRvZklteC1TX1VwYXdnRkZTaVZGX0J1ejZsUWhOcTlVc2JhWGZHNThqOE1fY2E0X1IyLVJuZ1pUT2YzQ0xzNGdmVWIxejV3TU8teG5zTzBvXzdhaXBCTUluSEMxUFhyYTZxeHhtaGlVRmo5dmRhNFpuY0tHekl1SFFLR2Z4TnRZcFlVb2FXVDVkZ1IzMG5BVXpYYzRtRE9oa1lmVTJtM3lnZTY3MUxGdFRtYVRzZjhFVHZ2M19vRGo1NTN0cERTaENadzJ6cllETHRPTDFpNzZ0YzM5Z3BheWU3Rng3TzFldC1EZXU1enlBZnYtSXNVaDkxTzgtUkxM?hl=en-IN&gl=IN&ceid=IN%3Aen,Mohd Siraj takes charge as DSP in Telangana after T20 WC triumph
66,Assam,https://news.google.com/read/CBMijANBVV95cUxNVUxXWFdJVkh0allEVzdud3BneDhRampXSUt4ZUtBT1k3VFNlVDNoek5feldDR29RQWJyNy1QM093UTVhUXpyZl9nOVNlU2MtYXZLdGU2ZlpxdnNsdG45ajNVSE1XaTdpMXBxanhwYkZwTEdXNm9NT2FZdGVQamtlQVp5NVl5dG1udno2U1EycS0wcHZ2ckZLaURndE4zbjByOWRFMng3ai1EZzc2NW8xbHpwcGdvMTM5M0MybmJhcFRnX1p0WXd0bTFrZ0pFQ3MxeVlvSlJ0ODNtTEtvZUZTb2hNY3IwVGlnYWFXVlVnYUxPZ3lHX2dTTWRPY3gxbEZNNFE4end3WHEtTHBxREVjek9MUFJqb0drSDQ4Y0VtV2FsV3kwWGZfbmRoci1WUXlpbUhJaW54NzVSVW5zM2djV2laeXVxUkd2TzNSMmJlVGdvajJCVmRTR0wxek4zaGxibWtJNzZYNjRyQURvS2tEQkdsbzZQTGRJM1JralZFRW5iMDdxWFRldHJHaVY?hl=en-IN&gl=IN&ceid=IN%3Aen,PPFA Lauds Govt for Granting Classical Status to Assamese Language
67,Assam,https://news.google.com/read/CBMijwNBVV95cUxPdmNGeVRhaTh3bzNYdW1XNnJQajdzWTItMUNhaDlESkUyR3pramJyaDZwVFRHMG9wclI4TGg5bmxqVUNDVzAyaDUtR2xsOFVLRkw3ZzVyME52dGVJdHF5MS0wUjBGeXZJQ2dlN2FvdjQtdVlmeTloOWROUkxJeDZOeUZrVGUzemVvQnppVkxHNkFqSFU5R0htd3h2WUl6SlBKcVlRbVJFMjhEQWhFUEN1eW05RWxXdlZ3OFU3SFdpaGRKMjJQWEY3aFZoeHh5MWNxU0c3Tl9ERU9OVkdQN2FZNFpkQmhIWlJqNldfVlJKV1FJazVpQ0FMdFNEN081OHY3RkFrRm1kdEFmX0ZwYVN3REM1aVQ1ZjVIVkg1bFR0R2V3RVN4OEhIWmtYQlZRWXVCR0M5N3NBdUZzeUFQWjNYdXNwNzlfLThNWjA3TGZFbjU3NHVwZHpNbGlSa3lDQ1l1UVIzZU9wOEowVHJlMHdBLWo1Q1dDSGhoTmw3MUsxNDZydU9JLU1SdVYzcHJxWVk?hl=en-IN&gl=IN&ceid=IN%3Aen,Durga Puja Festivities Across Assam Marred by Several Road Accidents
68,National,https://news.google.com/read/CBMi6wJBVV95cUxNeGkwVVhFMmNtZzZlbHYwY1ZlcVF3RVR5MWpQZU9Md3ZncFZRRUdxWXpuMTJfZGhoYjh0ckNxSFdIZG55NEpjVXdxZUY4ODJibDQ4UTl4TXowdGFxNURlQjBnaTc0aHlBN3FTdE1IOUV4bFhJZGc1Q2wwdkI4anJYMmI2RjQ3b0hTTGJnTHRGRzBDU1RtdjBNOGJYYzA4TGJQSlhuaG85d2ZsdFY2OVo3X2VPX3RsY2prREo3cG5MNkJOVjVvWFA3OEcxNHpLd3Y5ZXF2V0UzM0JVRWJSa0t5cFlRNFBnYVFXRWlIQ3NyV2ttMFQ5eklKejZrdmtXeGxaS0RYeWEzd1BVZXVpN2RzYlQ2NzkzV1ZfQ0h6SGk4dUtUZ0RYTm1XaEtwVVdkTEZyQXNtdnA1TFg0MDhyTmIxMTRGVHlaaE9sbDhZbGE3SG5IY2ZXR2dod1hKdnRNSlBUU2Y2b20teVRTUm8?hl=en-IN&gl=IN&ceid=IN%3Aen,"Tragic Train Collision in Tamil Nadu: 12 Coaches Derail, Several Injured"
69,Conflicting goals,https://news.google.com/read/CBMirwJBVV95cUxNM01Sb09Xb1phb1VIallLakVYQnVwT1BHNTVSREdRbUY5RWN3ZFg1OTVQV3R2OUQyWnhDajBLOGZHQ0dDUmxZQzV1U3VGMk9LaXloaURmOUJrQmNJTFd6eDdnMkFQUXBMSjNTTU9mSEFWRkpqLXhvNmxfTUN6Q3MwcnFRMkx3UWFpVk1hREg1clZZbkg3UEJEMTgwejNZM2VqV1podmFkUWlRU1lLWGZKNlhGcXJtWER2U19oNkFZYzdtNzdGUkp3LTJUVWVKcW5TSWFFMWpPenRxVndsUmtBRGtDUi1aWGcxYWZiRi14aG1ENGd2MVVpMmRzLWJMTXdaRFNRN3FFaVhVVHFWWmZ0ZDhuV1dYc2RmdzlESm9tNDJBdVBVZldHWmxvRmVlWm8?hl=en-IN&gl=IN&ceid=IN%3Aen,The new US strategy on the Lebanon conflict: Let it play out
70,Attack on Jabalia,https://news.google.com/read/CBMi0AJBVV95cUxPVXNKaXVCZlBMRGZjMlJqRTdMSXJYNGtMSHpGQllMZENaU2o3ZzlPMWUtdnNLbnNlVThRdFV6RkJmMmJGeDBLTDdTbmJJczhReFNreEJLeUF6VVRwVjVlZmJlZ2NNa3B3aTl0dmZFc0tWTWw3NzlieUlSRWRYTnlndE0wWkxwZWI5a04xS0Y4eldQRzZEM0E2bzdXcnB5SDNscWQ0azA5ajhGenVHbDNYeFpuYVVDUFNJS1dHNVFRaWN3NWN2MVljTG1kM0lhU0NBXzFTRERVOG0xUHl0LTJpQ2x3aUdDclRVZmxmV21oS29acTZVZ1pOMi05aThrQTRjSlpWamFMTGFMYno4bjl6aGpTZ19senYwclVUWEJfc2pPUmo3cHo5R1I4Rlk4LV9SRWdRSVpidHY4bHpLN2swNjZuMFdha29WUHdzbmg3cks?hl=en-IN&gl=IN&ceid=IN%3Aen,"Israeli strikes kill 19 people in Gaza, tanks push north"
71,Rising displacement,https://news.google.com/read/CBMi2wJBVV95cUxPUFRxVFdUczYtQS1uSTVxOTZ5dDdlZXZEOHV4empVbThwSTlSVG94a2FScDBQbG9zbDJrNUxlWTdCaGViR21QZndPZDZScGZQLXVoUGp1NEg5ei1vQkhhQXVxSVNGNkNqWjc5NWdRdkhlaVZrS1RLRm5Hd0dWUkhpNUhLMm5jbWE0dldDTHItYkoxUFNyWEhEdzJQS3RBMGFUN3ZSNExNTmN6N19ieGdsOS1SYTZ4eUY4Ni1JamxTU2JFME5pUDRmUzFna2RPY0pQSEQzQXZtM0RLcDF1SnZYYVZCeEk3dWxfdks1Rm5SeVQycnQ3ZXZTU0VXNG9UNTM1TG82SDV6X09XN3F0cmxFWTIteUNvYTQ3RkhqQXp6dG1YX1otQ3RMa3ZlLUpDMzAtOWk4bnE2Rm9Oal9icVpKM3R2WFlxV0FmeG1EWUs2dnRMa1QzLU9HRjh3aw?hl=en-IN&gl=IN&ceid=IN%3Aen,Israel orders evacuation of more southern Lebanese towns
72,A Plot Twist,https://news.google.com/read/CBMizgJBVV95cUxPNWlvOWpubnd0UmY5SXp0d1hQTFotSHhMMTA4X1ZGc3l3V0wzYnFEc2llcjZRazNVaHY0TzFoS01tbi1KU2t5NDZnN3JvTzRZM1BhamtlQVZGbGVOalNzUDExZDJpWWp1UVdhbFl4WVNyNzNDcUFiUWlTMHQ1cWJIamxLeF9rcGdqSjU0UmkxOEFtUFFzWWtiaXR3WlZ6MTcydXBQeGVnQWtwLTM1NGRKckFxMWZqQ3ZMZFlhMFdtdnJfNzhsUWxoNmlQY3QzY1d3ZW9vT181clRFY3ZxT29ab0N2QktzSzFZbUJ4RWtvSzNwVmt1RlEzVWJKTm9NZllDOW54ai04anAzMFNaM2sweGVIb0R1eUZvdkljc0pVNHktS1RDUnZETDhyc2hBbHhPQWNyVGJ4b2JhRmpKaFhRU0hLZElLVFFybm1aeWJ3?hl=en-IN&gl=IN&ceid=IN%3Aen,"UP Woman Hires Hitman To Kill Daughter, But Gets Killed Herself"
73,"Using 'Lungis, Bedsheets'",https://news.google.com/read/CBMi3gJBVV95cUxOaEZKNDNIS1RIbzlkbGdpM0lGbXpRMUhqRXpRS29TRmdTaUR6aFhqUHI4WlNVU0QyempVTXZubzIwS3MyTDVyMjZXeW5yVUlROXc4a0hwcDd6cnJBRjNzMmp1TTlLQjA1cnZQWmp0cEFldDNNSk5ZSERoOTdpNkRoRk9fYmVPRWFiRnFSVkZxcnVmbzBQZ0YtVFJPbTFKWlRKNzFUTDgtY0x2c0xLQVI3OXFHMHJYTUhtVktOaEJaT1BaTFhocGZ0N2lVWnl6UVM5STQ4YUtLc2tldElvb2RscHNzWlY1TnI3UnJ6dlJYeGJLSXVTbkNSemcyeXZMeGl3NjFxdmt6LVRBMUVLWExJRllsdEFqSkQzZENiaXNmeW8teGxVeVNGQjl1VFVDME9HQ2dQS0RaNVBHNTJXOFpNM1otNkJFZG4wdGhDTkZFbmFpWlE2SGJtR0VSOGY3QQ?hl=en-IN&gl=IN&ceid=IN%3Aen,5 Undertrial Prisoners Climb 20-foot Wall To Escape From Jail
74,Captain Cool's New,https://news.google.com/read/CBMi6gJBVV95cUxNMWJONTgxc2ctczhVYklQZjYtWVV0cEZYRVdRVjd6R1dWRllLWnZXbEwxcEZsRlFUZ3dLOFVXNXNQTEtHNzRzT25hcTA1RndkSk1Nd1hkNFRFanllT2t5WXN5TzJGdmc5V2NUUjluNENlMUpkWGhVWWZ1elRsQzdmcmFQMFY2ZmxMSm9rQ3h4SlFpb3JIXzVnTi05TWtET0tycEYxUkRCbzRaVlo1VEx3Z0l1eWFDMUl0Vll6a1BqOXhPY2Nzd3JFdXI1dXMwaTZFYl9pMlhQbGNLY18wSkJycldLLW1YUVpqVlU3WmsyaGJjNnhMcjN1WUdIRVVReUlHbDc0Q3p4YTdHNmU3TV82MGtVM3JDYUc1V0FvUU1zXzdRNkRIZDdQRy1NSHl1T3FBUy1xc09YcjhKZG03M3N6cGwzQXhqWVptS202OVE4Mm5IRHJtYlNad0JreXpyQkFBRTVaNEp1QldLdw?hl=en-IN&gl=IN&ceid=IN%3Aen,MS Dhoni Ditches Vintage Long Hairstyle
75,Odisha,https://news.google.com/read/CBMi9AJBVV95cUxNdVJsUGlwSHdtV29zMTRTSUZ2SnZfekV2SE1OMnpKeklJbVdDcXBtV0JLU3NCZ0NzZl9hRWlZY05EU2p2STZrcXFyaklMYWRVNUEtcVFNQ2dTRGVsa1FKZURuWDVGMFJZaFZldUtHbG5FbmdPUTl0TzlLSzJ2WHpUY2gyUkhsYWt6SVFnZ2pZMDFPZGNvOWNDcGdNbndab3lSWjEybmdEZzRadjYwZlNxeW9kU2pmNzA3ZDZqQkpCdEZVQWFPZ0c2WDNUQXg5US1aM1pJSE1MRnhHTHJOeFQ1SUI1UDZfc3dRWGFSbXdpcEVGemt4YkN1SHh5WHhwb0hvYU9aN1JFTnRyOXZOdmtEZ1VxczI0clNSbU1MQ2d2bFJWbXZZZEEtRHI1Z2F6cnJ4a19ib1FTRUVOTnVwRVlWWXNBTEducHdPaG1hbWZ5MWdkQnJoSmpsSU9FVEVvR1NJZ1doX0ZyT1E2TENZS1VEWWhJeDI?hl=en-IN&gl=IN&ceid=IN%3Aen,Cuttack to become smart city: CM after visiting Durga puja
76,Technology,https://news.google.com/read/CBMirANBVV95cUxOQVRqbHpvS0RPNFd2VlhmeVRaS2ZDbHZSeC04NlY5RlRnQ1NQYWxRaUxBUEt3ZDY2VWRqQXN5YjcwMXBsYnUtMmR2Y1Z1dnVrdjJyc21BZ2hMc1hwMFVPNGJNMU5rNWdudFJPUmZfN2ctZzQ4dkgwZWFuZjlBZE1CMlNneE9fQnR0bmQ4dksxWkdXZnhfUkxqVEg1YzhHdkZhOGxCYWJTNlBDWjEzMzdKNFBtS00zdk0tRUJSZGY5amREZHJBZi1mckhzQ1U0UHZBb29rVi05LVd1dzNCb0tUMFhNUldkN1lSRUNwc0hLdzZ2V0MyMmtWUi1rc01HRW1nZkc1Z3BjMkstdWdWUjd3MnBWNkpSLXYxT0F5ZUE1MGd5Vy1wVzBINVBTd0V2Zzh0YUJnMWtwVW10Z2dOdlMtaU9CbHF5OHVEamhybjJGQUtLbFQzckFDM3p4d19mUWFfV3pkSExaWTkyTTJKUUd6VTFXVHBLNEVURG05RGgzcjVoNXc2SGRucUZ3Y2V5VjdTVmt4eksyWXNOeFRRWFB4LWEydFhxN2ZDb2ZUaQ?hl=en-IN&gl=IN&ceid=IN%3Aen,Samsung Galaxy S25 FE likely to get a MediaTek Dimensity chipset
77,Odisha,https://news.google.com/read/CBMi3AJBVV95cUxNSHBGSHNUalJlMzlzRlFIN0hzN1AybGFIVWlvbzh0ZTdIR09uQ3k2NTkxQ2Z2UnNZbTZEV2tGSERzSmhSQWExcHI1OERMMlVJaHk0Rnh1SE1PU3RudTE4WTRSMWZVZmNLX29FZllOYzJRS3hKNlBzUHo2ZEZyQ1NrVXdfd0ZJbjI0VlBPcDRGQ2U3ZUZYUl9MT1RxT0tLWWVBSWV1cVgtWDF4dlBocnExYWRWWHB6MnIyakZ5Ujl6bEd6NDVpREFyMjI0YWkwdG9ldThKTElJdWFkRlkxT1lkZzA3cTNQcG1Bam5jWElQVlRMWjg4U29yUUNmaUtQdXgyRkJOR0pNM0VDR3hXWGtna3BOR1AwUjZ2VXVSbFBfcTBzRnVYOUt3TmRvMEV2NmtLX1ZNeE5CQTB1U3NGNEtfM1JlQnRublZpZ2IwN1o0WWtabFJ4TVRlNzM2ZDI?hl=en-IN&gl=IN&ceid=IN%3Aen,Police detain 'Rangila Baba' for abduction of woman in Athagarh
78,Sena vs Sena,https://news.google.com/read/CBMigANBVV95cUxObmpBVXI4bTBTbVFwdFlQMXp6RGZyNlRybmRKSVotWkJwdHJKWDdiazRPdUNBdHhvcXZfRHh4elZyMktFekJ5YWtlYUd5S2tRREVLVldMMEpyRHBfdmdGaUJqWWVVaVhEMnlaX3lySEdGdjdtenk3eDhyeDFhOVctTU84LUdJaVhZcW8wVHJNM2tha2lTTlA2Q2RwcmFMWmFGUzNWaVVYZm1fTlN6Rnk5ZXVJdUtkWnY0WHpxSmlaN0xPS0VhVGZZbTdJNmFDTUU5aFZSbThZVGVSU3ROdlBveWU1THlkaWQ3ZV96UDA2dGFnN2VaaXNPMFpqZjZSYmc2UjlyTUMwQzNBVnViYlE3UDNYMENUMTZ2SlN3QnhaSnpKczNDdkhxWUF6Ull3NTZlMlJhdVRadWh6WW85NlV1NXd1bXl0cElDX3Z5WGNwT2phVml0Vnk5RXoyOWxvWmdWWmNLbkxqN3NFUUFzVkpUQ3ZmQWhTTzZYSUNFc3BuQlo?hl=en-IN&gl=IN&ceid=IN%3Aen,"Polls, Shivaji, Dharavi take centrestage in Dussehra showdown"
79,Doctors' protest,https://news.google.com/read/CBMi4AJBVV95cUxNWFhDYTZSRDNUdnZjc1ItVHVLcHFYbmxDSHJPNEFIMlNxbmgyYlhXeHZhVUlFcG16RXhpalNRZDJLWmFRQ2ZnYjNhMExnVk43S3ZHR244WEZBeEZQeUd1eThNYUJrVHRjek84YXVFbl9vTlZ2LXhrNDhFOEF6RmJOYVhEOXR4VEVBOGhReXoxLU5FOEdjUmxNX3VUNmVWY1pnS1dzaUJ0eERQU0h6aU9YSF9LcW5SOENmcWZtd29LOUlEVzI5S1Z3NlpoMVQyaVdRMVZUbzBTQ2d3eHJlSkQzOGhha1A0dlYySGVMT1pqX0V6QVBraHFlWVFaTHNGNjg1dDdsYWVtaEJHTUhCXzZya1Zsd1VKRnUxVFJmdE11MXlndlRCc2N1U0tmRjg4MnY4dk5sS2Z5NTFSZEFGWjNKSW5KUXV0TUpSd21MVmRWS05PcDRjbDlaZW9URy1vbHl6?hl=en-IN&gl=IN&ceid=IN%3Aen,Bengal rejects doctors' mass resignation: Not legally valid
80,India vs Bangladesh,https://news.google.com/read/CBMi7wJBVV95cUxPWjdkS3BmM2pERDc5VDVoV1A2aDlUN1V2aUZuNkdPV05BSVRLd3I5d1pjOUpaRHpxUzRvdk9rRWl1MUZjVkJXQ21zQnJ4Z0xqbmIyZkV3MUdBcnB1elhUTlMwSUVNT2doS0xCakR0Q2h1TGkzUTV3YWxRVWpsYk5mU2NFSk1ET1FpQmZfTmJrc1N4a3J1ZjRWVzRkTzhwNmN1NlBxSklDT2tMc3FNVWVGcUY3amF4eHZJcDd0TDQtdWczR1RWRUNwQ183SUlTM3NuVHlhNEM1YWFJaWNDRks4aThBOW44UHJzN2lVUTRVNkJ0TjFRV0NiRmlZcndOVlRtWVlsb1JFOTRqbDd2ZnpDY1Q3YlpMdGF0U2Mwdnl3QmNIT2F6alFvdTZTYlIzb0l4WXFwUXhncmlXLUNhYTBmdlYwQm5lVG1YbkloRkpSU0dSb3NuRlhXRVdTb0FIRDlaZEJpREJFZVBXRGNSenEw?hl=en-IN&gl=IN&ceid=IN%3Aen,Mount 297 too tall for Bangladesh as India complete 3-0 sweep
81,DMART Q2 RESULTS,https://news.google.com/read/CBMihANBVV95cUxOS00wbTVwc0tNYkhNRXBBUjdFOGpFRXVVVGFrQnpwVTlSeW9oekljTFU1RHJMNlJCRk5QNGVES2hiWVVwTWw5TS0yZW8zczVUV1VTUXpCd193UUxwMlFNaTUtRnpCOXRzcTFqT1kxMENEWkxOVGpMY3QyYnVTRHNFMGxGa1ZRM0lzVzhqeGRrRzlISmU2bE9RVTFMVDBXVjI4VThNLURQNUpySjhkX1NPTzJUWHYyMk94dm1tclFKeW1NT0o5ZTAzSEU5czZ6VnY3Z0RNQ2k0U1N1REFPak54SWFoTUxvUEhZNjExM1pjNzBxSE9LYlUxeWZEZU1yZEFiYUxJNUFKZklYZ2lUdnlWWmpfQkt4ZV9vTmhVZ0IzaTBjOG5IUWgwVDdZMUxJby1PTVdlTUVZSWZUeVdYR2JHMXhKVnoxRUZZdU55aWVGY3ZSbVByYU5jMllPMGo0SFNZaUR6dFZKdVRCNDFhSzFzNDVTb3RaTnlvc0xSUFBaSUJSdktN?hl=en-IN&gl=IN&ceid=IN%3Aen,Avenue Supermarts Ltd reports 5.77% hike in NP at Rs 659.58 cr
82,CORPORATE,https://news.google.com/read/CBMi2AJBVV95cUxPNnJyUmZfbGRYdzdyQjU0QmNkNE1IaFJFX191Nm50cjFybktDZ1Y2aF9JX2xVVFY5enZGWklXOFlMZDFiSWl3bHU1ZmhXenRmSEl0XzloQlNWNTQ2UzdaaFdlWVoyMHJPbndfVzI3VmRtZXZMdmp0elNiemo2TVM0bFM2UHlJa2dwMFg4anplQWZJMk42QTItZnBvVmZCVUJiTXp1aFlaRXktWEZvYm4zVU1jY1pCS0lab2xMNFNBakZiN2J4YlJpa2tDanpuRTVQZDc2UzQyVk96cmh1Z3ZxQkVtV2kxaHF1RjgyTVJoeWpCQjlkYnJoUndCNmEwTTI5R1BUTkdrT2t6TXRqbXNUSzc3SmFkQUdCS0NmYWhuTWxQeHBMM3BCSmJyWjJKWDJLNzVVT0ZCdm1YSzhJOWhfQ2JYSHBZdUFTOTNyX2tqLWJXTWJnUlF4Rw?hl=en-IN&gl=IN&ceid=IN%3Aen,HAL awarded Maharatna status; Big action expected on Monday!
83,INDIA,https://news.google.com/read/CBMi6wJBVV95cUxQUGwwZW14NjdNTXdwMkY0TV9TU2dOTjZNRjRNYkFabXhCQjljRG5BR0hUdDZDVDZQOTNPeGJFOHVNTjZRSVNHN0o2clMtaF9DZGZYS0Z3LWJQNWZ2eEt1SXlkU0l6TFZCY05CQlVlZ3dsdjlhY1E3MWFOVi1OcTltRi15d0t1cHhBcDdjLU16NGdIQmdhUWxxbVI1WFVtOGllcU9qZW5xLU9BbEhjeXVMSjFrNWYwZmtuYUdfWDlJNDZWSy16S2R4RDBGS18zYk5qb1Z4NUo4cHB3NG1fckw5bjBSVHZYeDFCN2lwYlVBa3RuZXFKS0YtUUNLaDlhQ05JMUlVODBETXF6S09pYkc3cGdZSFVnSHp5UDI2MEJCTDFLVU1haDZ2TXpiMVVuUTZDLVBDM1hiUUgxc1JWRzB4ZHhtV1lBYkJGcUc1VzU4Qzk2dG50TnFmdlhiX2VpY3VMWXdnRVdiYzl4azQ?hl=en-IN&gl=IN&ceid=IN%3Aen,IMD issues alert for heavy rain in Maharashtra until October 16
84,Mumbai,https://news.google.com/read/CBMiygJBVV95cUxNNC1WZTBsdWNNa3IzOUg0cmRtcU44em11VlVyZjFYNGxoN3ZGanN3NmliaHBKNVkwUlpWOUZPR1JVUlF3b3FWQ0h1Sm9scXJ2X2k4SHd5YWkyMzE1anhYc3lNU1Z5OVNqekdUU3BTV1N5dGUtdkNHaU42N3o2X1BtdXhkWERzRnFHd3FVSWo0aGJyUzN3T1ozZGdkcGlGUjA3dWY0ZHA0bDVGWl9qbXVSM3phZE94VlQtQndpQnQwWjAybEdJd1JQYVVvdGE4cTBuREJ1VU8tenVGM0hfemVVSlU0NndhS0pVY0tIOHRfOUZEUkFXYXlEWFp4aThwdDc1czZSLXJoaDg1aGFiM3A5ZzB4NzVtOWQyVUY0ZkYyQ1QwSFZLOEtybDV5ZTU4aUJPUTNXcDhFUENHRGRKWHZMQ1RqWXkzaW5Yd1E?hl=en-IN&gl=IN&ceid=IN%3Aen,Maharashtra Ex Minister Baba Siddique Shot Dead Near Son's O...
85,india-news,https://news.google.com/read/CBMi4AJBVV95cUxNTE9XbEJ5LTZ3MEl4UWp0UUVxOXpJZ3FxYW5aYnZoN3NnTG5zME9UQi1rTnRuWW5KRTQ3MUtqRlFEVUc4SEJMZHBBeldwUUVia0ctb1FGLUp1UWZzRUVtVTdBT1ItRDJhOFZQamlMbE5MdzI1Sl9lV1hPSEIzVWNScFEzZ0hqX1N1ZFFCa0M5V3RGTTlkRU1fR3gydTlMZmFyempGb0gxbGpqUGQ5eW5CczExODhFbGxac0lKazhkdTRaRUlRbXR5NHlsRjhUOVlDMEFOclBiTGZ6Rlh5ZlVkYkR5MFBPcFBUZHlEWmdaVGpNU3F1Y0J5U3VZR2xVbVBEWmZHSndMS0MxZXhiSmZhNlBsVmpVS05FV0pNWTlTNTBzVEFQT19FVGxhQVFKa3JOeVJRa1U2YXNiMG9WajJyNUtrY0R2RnJHN0N3TVlndldNX3FlSFNpVUVMQUw5elY4?hl=en-IN&gl=IN&ceid=IN%3Aen,"Shivaji, 2022 Coup In Key Sena vs Sena Rallies Ahead Of Maha..."
86,india-news,https://news.google.com/read/CBMizAJBVV95cUxNaW5pMTZXQW93c1lSOENGT3BBRndPV1haNTVEYUFBRXJvendpODJoWUFqX1pzWlRUVWI5akZyMFN0emVTTHRsVGxIaFRVZ2hLNVNXUUU3SnRHcHNGYkJpaTV5S3FrdnFJRHd0RVFQYzBzTGhaT09EQnJRNE91aFNXRWpOXzdyZG53QjFCWnUzZTNrSERWdERkMjdIR2RSX1pYR3NVUEpnSGlWZlBUOUJlQ0tRYW1hNW1MXzlVUmxURFU5MEFETXRLU3BIVTFOLURuNjN0OVVfVjBsbGRfRktxd0J5WWVPZXFFZlBnTmw5UzFheFRUNXY2dFNZbEt3MXNyaTVPZEM1d2NHTktSaUhsUFhhWUhvUEt1WnlTczdleVJWNmFNRHdmMzhDeElGai1QZFpWSHBJY2ZkbkV1M1U0TmxRUDd3dkpESnV0eg?hl=en-IN&gl=IN&ceid=IN%3Aen,"All About Baba Siddique, Ajit Pawar Faction Leader Shot Dead..."
87,Gas guzzlers under threat,https://news.google.com/read/CBMiiAVBVV95cUxPWWJkazMzaTQ4Wmw2NmFpM2VNdy1Ba2ZYSkozNVBLVjF6dFltNDcwNDNpSWZyMmZJTG5BN3FWbm5XMUZsRTk3ZGE0YnZEU1kwem0ydnk4ZFV3SXhTMU5JZ3Qta2lYTHRobVNyTDlvdkVkTE83OTNFVk9KMWxnN0ZLQktDSjcyWWVlbkJqczlhNHBMN1poQUJmdDlSd3JLek94WVptMGY1TVJsbHRzb3F6UUVHYVMwcWd5UEMwVnFuV25OVGJ0Y0psc1Utal9DcXduenZBd1hnaENNRTB2Q0ZiUmJaRDViZjFKdkprWHZLRWVNTUZKcVJIM1pFTC0xSVp2cG5lX25YOEphS00zVk11N0ZzempBZENWanE5YWpMV2pSUm1LakhJdlBwNE5BdFV5ZFEtMFViZlhHOHN4dDJaTlhLdXl2RTJQZUJxZnRFdUkzVGRVX3ZVeUVETVRpQjNZbzZDbVdFcDdzRXJOdmFTbUxmeHZFV3BBaWloNnUtRXNvQ19mZXRhWGIwTXhQWExsRHZuTmZLQVBYbGFacFZKRHdXcTNjMVhIN2NhdXVGekl0LXZpNTBzZG9uY3l5QWJZQWNPU0toMHd3Mm55SF9qNHhQTVZsRlByZy1SOE10dFpNNDExT1B4dGJkMG9lck9MOWtaendDdHhEN2lOc1NMQXNSOHA0QnJYUHBFYzVpTVlNenRiV09xZHNHbk1OZ2ltODBkeXJqX3pBYUJkYXpXSUdPV2hqYmJVa1hYczZSazJKRWk1MWZGNDBHR2U2aWtneGY4TDU0OHBSVjluYUxUcmZ6dmpsb1JPX0cwUWhla0pVN3k0aUxyMHBabzlCcHhjdU5ILTZlT18?hl=en-IN&gl=IN&ceid=IN%3Aen,Delhi resumes crackdown on vehicles older than a decade
88,Internships at full throttle,https://news.google.com/read/CBMijAVBVV95cUxPdFZKQVZ0VGZNc082enRJeG8xLURFZEZ0QXJtS19RRF9fSmpuVTI4M0lQUlg1WV91R2hsZnFXbXFDdDNhdm9fOGJQWnFBSDhmdXZmQmZKeWRIS2s0eVkzQXpFNHhwN0kzdWpsX3ZwSThCa2lfa09URzhqa0pvN05wSFFmXy1ybllfRlVKMjVmal9QaVF5S1lXbFBpeTUzbXVRNDJ5eHBvM2VDM0EySjBlX3lrbmxFVkN3UV9MQlVHNFFWRXg1NlV1aUJPNDFuNmotY2JHMjBvVHFmclJfZkxzS1duWHBjSVJNUnY2YzJtY2F3VzRJZ3A3VERHaEVhaE9ETmlyb0xtRmJ6WmVva2oxanZvaFNmRjZwc21lWUE0cnJwVXlmeldrekhVRUIteUVtaU4xWHdrU1BhYnF0REd6NWIwSnV5ODNHd1BEWmpQUGNnMUdWYWRHR1EyVEdhWHE2QkwyZ2RnRDQzSnNxMERMbmQwYlVsQUdqOUJqNUZPUFFYQWtQQjJFb0R3WTZtSU1WTlZncGQ3MHZibTZNbE8wYl9BNVpUenpOZWJqMmtFSlNYVlVjMllKYW04b2prQzdBLXVvQlloc2ZodzByWHV3WWF5WnNaSndOeWItSDFMdm9RZU44LVhZSzYweFlBYlV0NzhwS2g1YzhGdkNkdHRCWXZyS1drbVVSem5ZM0Jvb1JiOTRGWS1KODlZSFVUclF2eVVRWHJRSlRQaEhMMTREVWJNdTdJMkdYZGdENWZPNVI3WnZpdVFPNDh6YlhDYTFhcjVPdE94WjAtUFAtM1BRUkxyVEsxNjRMMHhXM2NMWWRIMUpFNlhWYzNUVW9oYzZ5SmI3QlRaaHpDejdu?hl=en-IN&gl=IN&ceid=IN%3Aen,PM Internship Scheme portal now open for candidate registration
89,Super Sanju sets record,https://news.google.com/read/CBMi_wRBVV95cUxQZ01RclVUb1laZ2VKNXFlVE1SSTZ1ZWM4NlVCS191MXdtb1FjZDFva3I3azlHYV9PcVVDZWI5TURYekhTaHpiOVdySGJScmM5LVRlOEd3dmkxNXBmLXpUTFpmajdSdG1DZmhMNlVRRGFPNVhQODVJWEYzcEpSYUg2U0hDZUwxWWNnWWk2OWl4YkxFMFdMa19hdGhWVzZkNFVHUzliQTVWbGdsZUJVSlFjSGt2MXFyOF9LY0paeTJ4aGNUVU51ODdncHVWVVBIVlNkcWlqNTFFLWtOT0lMWVhVbm9fTEsxUGUxRXVjdHFDbFRGVmhUNkdSamJTVkhSV3FXTVBuZXNtU0xTV0hIemdTcjZFeHg1OVVlVllNU3R2SmhSNFVVVnk2MWNrNU1RaDhBRDlnbUhTZmZxQkdwWHpuQndJaWJvSHJNMVotRmZxajdJQkZPSTBuWmI5TENVa1Jzc3NZX1dyZGRwV2RqTjc3RmpuSHJjYXlhbzJYN2ZpOFhwM0Z4dGU2NVU3eWpVRDB5dXZGaThibkRESnIxbTdqNG1qNGVEOFc2RUhqanAwV012VmswcTNjQndUOFk1NEotQnRxVXprUGhyODdpblcxMVZiR1NfaUtaQ1pYdW9mMWhfY0tReEFIWFdGWFF0aUktTDhBNlV1d25qVlhkaTBnV3h5OWpPSUE1S0hoS083QlQ2czNpZ0RzSVpCckZMVU14S3NVSjhXa2ROSzJjOWpwNTNVakdCZWZSdEFRd0hGVy1lNk5tRHFDcmV6UlJVOUxZd2NmWTdPOGF0c1RXcVRfSzJMeXBnMUJqc2VkOFN3cG9CdWpiU2Z5UXAyYXdibDQ?hl=en-IN&gl=IN&ceid=IN%3Aen,Sanju Samson's century propels India to record 297/6
90,Response attack on Israel,https://news.google.com/read/CBMi-wRBVV95cUxNNHRpUUhOdTdvekl1TEQwVk42cDc3TWZEQW5sY3lNeVQzQXZDbEYtQkdIZW9VUGpDNnVTMHM4eV9FelNQazZMbUlsbnVGbEdlbTdwTl9CY0dlRlFFOTNra3lXOUQzbmRobnBBalNKcnhUZmNiWm9rUmwyXzJNUENHTzlHQTh2ZEVQckd3T3FhRGdKS3dabWJhN0pSa1N1VThaYS1ablY0SXRxX0lwTWNRd2NVUV91UGQwRlZZN3owQmlvSGZ4UFVFSEVMNllXcGtxdi00ZTd4LVM0THA5cUJITi1PcExxaUZBeVY0a01oS3dhRURoREpGZ2NwdF96WUdXeVlDVUg3b2pmUGl3a0pNZk5kZE54eDdnMHdpeFhLQmotMjFOZjlvVU0wb0l6RF9KeGJ5TUZpVlBTcUZTb0kzRXF1SHdwMms2RkZ4bFVtS3FPdXZjdldvQmVLRXd1TENlbUVCamxqYVFJY25va1VOc1dtbWNrZk5RZVo5Zks3S05FZDh2YTZWUnNaRzhfTlhCbWRUZnVlakJPZk5LdGxIaDlOdHNjR0FvUzdpaTRNSjNHX3VkVUw1Q2p5dHh4dW9xLWxQbG1tN2RoODhRTTNTWFNPbnFLUHhlQXNDc1F5TktVMnF1QUhwMG5LNVpuSmZBZGdUZ0Y2dzZLQmdvNzVDcmYzMzlaT3FBN0x2QjREWlhvdHV1UGhXbEMtSmhWMUg0aGtRRVdkYUdUQ29YOHBNXzJIWnUwYTNmVzVlUHRERXZLVFZheWJuQWp3X3pRWEJlcWxIcWp2RFBNOW5vb09zX1VTOTAteDRxNjB2eXpqaVh3TWtMNVhpc1Z3NA?hl=en-IN&gl=IN&ceid=IN%3Aen,US expands sanctions on Iran
91,India-UK friendship,https://news.google.com/read/CBMi-ARBVV95cUxNZF9TdDE2WXhKNlhoT3p5UzlrZS1vZzhkcy1vZ0RSUGd0MncweFE3WDBtRHMyYzJuZDlrME1pMjl3NW9UTU5KcEoxZlJoNjYycXdDWXkzVUpCeGphd19xNXZlb2doZ0FVSURYTkFKVVg4YzJ5aXFyeTFGcW9GRXhjWGMtdjNPX2lUYy03Rl9DQXdYeXVQaEV2Ukk2bWNNaGJ1U19mX1RvbXhQQlhZaVlNbG5UN2pCM2c5d1hLRzBLYmVWaDVSVllTdl80RU1Jb0ZnN2trWHpkcndvNTRJM3hTOVByek5Yci14Y3lQT1FiMmpyZTBYZXNyVm5SX1l4cGdKZllSaVYzR1FxOFpQWmpVX3VLbVpIVm5qWVBqbzVSVFRDVmZiSjhXWEUtQ05IRmJVVjBQdkhxbGpfTlhZTkd0QlN5THFSaXJmS3p0c2JoaUdsSTFfR1NPbWdVeVg4djlSdkpqeXAzQjRCQ1ZyVEJIWGcweXo5TVBINnNiaFg2ZG9qWE1mN1VmM0oxWFpQSHpGQ0VPcEQtT3dSMEJIbU5ELXpjMHBSQkZwdDdGRHpRcDhoM19nY01YcWEyRmJLSXJGM0xfU2FNa3p6TVdpWUdTc2doVF83M0JKMmZDYmdyQWI3cF93dktzNDNCUnRSVTk5aHRGT2tKeDhXUnQ0VU56eUthNjZ6TmxWY0FuMjF4OUpGbGtMNVpYRU5KSXNiSkhLbEIxR1BPVHpQdHRNczR4Ym1ZTHlRc045STQyelZiRnBPVEJqZWZLSUh2M3lwT2hlb1FscDVWUVlpRUdlai1LNVZ1Y0V4SENMLWtRY3Zua2tQN3h4NWpuUA?hl=en-IN&gl=IN&ceid=IN%3Aen,Boris Johnson praises on ‚Äòchange-maker‚Äô Modi‚Äôs ‚Äòastral energy‚Äô
92,US-Syria,https://news.google.com/read/CBMi3gRBVV95cUxQLWNGamIxUUk1Z0lsR19MWnJ5V29JdTVPSjhQZ1ByTk8wQVJ5ek9vWENGMWdSQ1lDZjZvNERIRUZxX3lEa2dhYW1oY2tjbVBDSWdicXBKeHFrbGViTlNKVWV6d0I2NHBqMk9WOHRZOHFBUk5yTTVNc0tISVo5R2ZSVU1HM2hQN2FabzlCRVpSc2UtMUtpOU1OVUFnT0lfTmxzbVBLMjUzenFsR1pvMTZmenNFRlBLXzRXZE9hTWQ3Tm93ZUdlLTI5dVZhYmg2WWNMMjhGOVh1WFlJX05GRExSXzFUZ0JWZUxiZ1FGT2RJVXlqVi1kOC1NWTRsTVRWMHRNcWZCbHNuMU1ERE9sU29BM0NpYUxTNGM2MG1zWlZJV1VVX2hlTlgyMzhSZXcwTUloRGJhQTloSGt4dFZwR1RTVXljazJOQ01GZk1hUVYwbXFmZmc0WGtzaGlVcnBlZ09iOTBNTzFubGt0MEZOaWI1eFdrWGpCdEQ5VjZpeFZvNVVXRE5QYThIWUtIcmVwd3hqNTgzTEdSdlFfaUR6WlFkY3RQZ21BYjVXUHJKWC1wWmJMV3F4U1BKRDIxY2tTVkNSV3Vtbmw2ZGVoV3UzaTYwN2VPeU9Ib1U4cTh5em9SVHcyeXNNSFNFYmlkZXZlUWpFbXZBOW91OXdXWFZmRjB5UklxakxXTjNsSGhBZHF1YXNCV2FkSU5KZzd5djc4M0hzMTBkM0hoYW5iWUhQdm9GUy1SNkRiVEl0UzZ2NGdwcE1NRldtd2JfV2Vza2pNNDRkLXhac25QMDBCWXB2eEE?hl=en-IN&gl=IN&ceid=IN%3Aen,US airstrikes target multiple militant camps in Syria
93,Haryana,https://news.google.com/read/CBMi1gJBVV95cUxOdEZxamZPTnBYclNtMWxhVm5PaHhzdi16b09GVEhweWhST1JZcm5yMjY1QmdZbzhfMnpZU0tnekQzNS1YWmkta09EbTNLWk5JNlBmeEdvZGl0V2RsTjNBeFl5M092dFVoZTh5RGNmUVlSMHNzYWtYWDVHdEZ5bjJvM3R3S0xZTVZNRTllelp6WHJjcWxySnMyYXdJaU5SOEdJZUNCbkxFaEx2bnFvLWZFSEh0QmlEeFQ4VHZkWDh3YVNPUGNVMl9sM1pueHA4R2Z6dWc1c05HVmtMYUVUajljb3pQNWJJbHdYc2paNjVmWGtXVXdoZzJHeGM0UFRyX2VkQVBJcDByTVlYZkZ3MUlUNHBrbFZZcUN3UThYY2hNajNiR2Y1NHRQVWtJNXlkOXBzcnBkTGlxR28yaXRZZ0l6QTA4VGZLYVhvaDBBeDdoUktReEFISWc?hl=en-IN&gl=IN&ceid=IN%3Aen,"New BJP govt to be sworn in on Oct 17, PM Modi to attend it"
94,New memoir,https://news.google.com/read/CBMixgJBVV95cUxNWkFBTW00aUs4cU9KMGpvYUFpd0pCMjZZbHlFN3RfbENyM0pXNjlDS18tQUlKSjhhM3FDS1pqSV9xckVsT3UzaEl6Wm9wSjdlY1JEbzdXcERISjJwdmdobzZmamxGTFl4akFhOExBbkdCNGNOSG1Jc1FpMnhDSTVmQTJmREhPQnNCT1QwU2RCTC05bHVSSHItNms4N0p2bG5LVXM0ejBTbHY2bWhQTkdIMlUyNU5JdjEyNjNJeTF0Nm11VDY5UjJHQlB6UFJwdHJrVGpNajJNRXVLU0F2dU1SeUV6OVB5a2x0Q3I2Q0h6T09HQWtXS1VFZlFGQThDM0JaYkNSOV9QcnB5NFNCQkN2Q0hyX3FucGFEVzRYeWdzMndHblZIWmRlaUk5bnhBbG92d1g0RV9GS0JWMV9UU3hOWk45cVo2QQ?hl=en-IN&gl=IN&ceid=IN%3Aen,Alexei Navalny wrote he knew he would die in prison
95,Remark against PM Modi,https://news.google.com/read/CBMi3gJBVV95cUxPTDV0MndNVzZ4ZFA2MHJOSWJFdjdnYV9qYmxmNTNia194MDlaTlAyLWJUd1drNll2N3ZXRU5jcEZyWjVnOW1WRWxVaHlvVXQxRlNNb0VxbmswWUtOSVdGTzFiTGJrNk9rczdzRXB3YnBtc0lERVVvckxDNHVIVjdqWjFnT1lPVVpIQ0tCVGJVMFAxdDQzMjRKZWE1NjgxODEzaHF4MGprSWtuZVZFSTdnbnJsYVBFcGVKWjBlNXFveDlWcUs0U05nMlZlRmszMUFFelR4QWFITThKbm9qQWhSTkJXNFNPS29LUzBHaGpJRTE2U2ZTakRrdlBJaFZiYXE2bmNIblpKY3Q2SXVhbTNteW1kVl9UOGtTN0FHUGZnR2lWZVlxekxEX2FwZS1GVzhDcHNidmcwa1pXUWRNRlRsVlNfSEEwZTFST014NFM1YWRfYkEzYnh3MlpnR3dfUQ?hl=en-IN&gl=IN&ceid=IN%3Aen,SC to hear Congress MP Shashi Tharoor's plea in defamation case
96,Odisha,https://news.google.com/read/CBMiugJBVV95cUxQMlJuTmxJQUtCYUtfTU9CcHdPUE1aRnRrc0JJaUNwWXZqbk1WZFF1aHRpbml0RlEydWFXeG00MFU4RlhWVVg2RkZoNlZwZHdBNjdfU09TZ0R6QU1iZnJBS1FGYy1UTzVpQTRBYklGQkFnRkpPQWhJOWc2dDA1bmI2NTlkdFJ6SnY0UnBxZk1Eb0dHdFFoTnVLZTgzY2hIUDdXTDRRYmsyYzVHQU40OGJReGhNSFd1dnFBLS1raXNScWpPel9xS3ZvSXRaajlsTEFncGI3RFEzYUtScG0wLUJjUGIxeV92dWhZZEczVlZHLUVLVUtDR25paGJaQUNQanBIU0U0R0lOQ3g3VXBQVUlBSENJamUzOTN1cUZGUEhnWElrdWNBcVhjbDl5VjRtMmI4bU1JX2xoaERFUQ?hl=en-IN&gl=IN&ceid=IN%3Aen,Vending zones in Angul a non-starter! street vendors at receivin
97,Crime,https://news.google.com/read/CBMiogJBVV95cUxPeTBTYXpxbTRDNHRqeFBRWVM1QnIxTUdrSWFzSUtSR19laXBrRklpUjZKTzctSDZZU1RzMGhwOXg3aTBLVGtQdWRneGdOR3dEZlhCZWFrQVltb2ZCQm9RWlF2YjZrenBZejg5bE92eVQ5VlpCWndmV3lldDVWV1k4TWRJeHg0M25PSnlqaVFFZEthVU10d0NkRUprTDhoYi1zdFpnV2plbFpGR0ZzTmtGMXAtZHhmeVZVbG9RVW1ySXBqUTFQelpmVkNqQ2FyM01KZEd4VVRkRmJYY1U0cVBKWWZSamdFVXJ5eWdQNk4zbEdoM0FfaHVOVUxYYl9rS2s5VEdQR3BDOVppMkI4OWFJMzNydUxkM0hNMTd0bFB2TEpnUQ?hl=en-IN&gl=IN&ceid=IN%3Aen,Senior NCP leader Baba Siddique shot dead in Mumbai 
98,Odisha,https://news.google.com/read/CBMiugJBVV95cUxQUmJIUjJZMjV5MVVsWUw3bndTNmVYVTJSQmNtYXJVc2RmYlZCbFhGNGw0Q3p2OTR4YWl6dDU1TFNDLXdsMjdRTjBVVUJSYk5TWVdYdHZBTlR4VzJrcGxLTDR0RTI1Y1FoZ1FnODdGZXdpZ2p6TEJlRWFVdHpvS1FzTFdQNWZZZzBYQzhrWVlYUVFJczBzZmNfb1VCUnBSaTVkbWMxWHNBb21FR2dnd1lJenBfOFVYLTVPTGdJQm5IZ2xVc0N3WmoySzdycncza1gxcWQ1OXIzTTNlSzJSUDB5a0ZuTUNMVHduaFZ1eElXWnpsZU0zWFNNSjBiQldDWWRQOW5scTV4a3hsOWlCRUZER3I1eEhPUmRuWElvMzBjN2dTT2Y4S213RGZGZHVjZ09ZMERtWHFXU2RSdw?hl=en-IN&gl=IN&ceid=IN%3Aen,Halt in Alarnath shrine development work irks visitors and servi
99,US Presidential Elections,https://news.google.com/read/CBMisANBVV95cUxPa0JLU1dMNzJQNWNFUnIyX29QQWhwTjFZUmE4S1dYazVvMVg0dHpQWkhZMHpYcWxjbU1QV3V5TEhpNHFtNy1IZXE4ZXQxemZfeld2NF9MNERZUzUyTjQzQ0hhM2xxOFEycERnZDRNRUVDWDZ3MEsxdTQ4aHBTWjI5V0dhNzg0S1lnLVdmczBIQjdabU5taExEVkMyVzgyTEJ4SEFpQTQtclg2MWV6OUFIQ1FUTG1aMDBYZFpYd1BwMERRWk5zVDM2Y1lZX0U4NnNacFFyaV92UlpBQkNya0NyZ1JadHJSaEItV1pUOW9IaTZIaGo3QmVRN3J3NENOX2ZpMm5CUVlGS0YtLVJoZ0RlWTlXSmhWYUhnYVh5eXoxbTZmbm1zc0VDS20yWHZsRmdncWNPNHNUMm9ZVW5GU3Z4OUl3NHRWX2Y0MmZKTk9YV3BiOFVta3haTkExdXBXSnFuNm0wQ0RVOUNLcHBGOENBU0FZR2RBUE9BWmM4V3RHT1BlMUNyNFpQRHJpMG9wMmZzWlBwMG1nVUNsR25YNWdSSHkybzgyVTZLVUdMZlQ1SWM?hl=en-IN&gl=IN&ceid=IN%3Aen,Indian Maestro endorses Kamala Harris
100,Jigra box office collection,https://news.google.com/read/CBMi8gJBVV95cUxQam1QOGxUZWpvR29Zd3ZiOVBvQ2JXTm5VM2VCd09kM2NEdGlmdTNseW1ZRGtoaU1CbERyS0h3N2ZXNmVSWXI4RE1UU1loLTFmVnZ2TlFucURJOUZmS1JQWWR6amFsYTBRUldJVlp3UkdYamk0a25qblJIejNlSmwyMFExY0tjOUdlZTZ0MzdCYy1mZk9STHU0RHBsdUN5U2dmcEZNWmJkNzhQc0pWcDVDX0NmUWVmbklCcm5EcHhkS2M0V2xNMXFucjZCekFsMFZram9RRVZIeTI5MktYZGdJRW1SWlB3eEJiNmhKT3FJWnl1SjI0VTE2YWw1di1tbmFrOEtoWk9zRmlOeXBLbmFnbXhFLWxodk9MOEM1MUlvTVNmRi1kZ19Id2VKbVpfbGh6VjZGYXZia1ViRFlxNkVVSGlsbHFjanludUJ2MjdqMFVhR2dSdEtKZlEyZE0yWXprZzJyX0xnMzJNa2RKWTk1bXV3?hl=en-IN&gl=IN&ceid=IN%3Aen,Alia Bhatt‚Äôs action thriller starts slow on opening day
101,IND vs NZ Test series,https://news.google.com/read/CBMiwwJBVV95cUxORE9rWWtab1NyQ3l4QnNwRWpKcXRzZmVjb3NObDFWZlpLZGM3WlZQMG90ZHpRc3RVQXNMVTVRcHlzVFRtU1gyLTY5Y1BiazBxcjBPRFhZcWpTSTNzTDZhcWg2a2dMaTg2UmNubXZ5Q2swNldUQlpBejIwOTFjZUloTGJ5ZWdsV0ZPNmtyV3ZHamNaNmJYTWVMcTlZRXpRSFE4WDYxbEN4bXRmdzZCVVptbDBNaFFOQ0U0dTM3Z2t0WTFsazN0RDBEVTViWkpkLVJMRmZZLVpXYTJVR2FqWThiMHdYbDZZYzdjbVJIS2wteGZnSjlfMFZJWlN3RmJqZTVibGJuR0tsaE9zVFNIeHREZWNmUGpBN0JOTF9fQWRnNUJGbk00VWhueUgtVDN4QmNzNFNvSEFvSlJrV3ZINVFVUmFfYw?hl=en-IN&gl=IN&ceid=IN%3Aen,Pacer Mayank Yadav finds place for New Zealand Tests
102,Tribute,https://news.google.com/read/CBMi4wVBVV95cUxOaGhVa2trV1dpdHlrVEp2ZEs0THlSTEYwanVrdmdJRkZRVk90M3RMRzJTb1M2WXZqYVhWZFBKNGVXMDFTWHlNRG5wQXM4b1NaWnRKZVdObEktTUNvMHhXZzFtS1BJcU9SX1JBWTY5ZHdVRmQ4Z0piSmN6SVhyYklLaGlZcGJGWHl4cDhNUnZtSXpSWjFtOTFSbnhWMGJadnVvYXRGWlgzMkxYNGJ5REtDX1ZnX0ZrMWxtcTZMUlJraXNHYXZxVFZTYUNQTklZcGZBUDYyNjVGeVBsVEw3SzJBVGI3NEdGaW45T3hsWTRoakU3X1k5R3R4c2VRdk5GOXE0Mjd2dGNaZUhHZngtYjJOZkgtdkNPLVdfbE44YnNUc3k0MXVNa3BPakE0VmZTb0RMVHQtbmg5SkhqOV9fTll1MDAwQXY5VHVsU1lHalAyZHE5dE1FV1Zha2o5ZUx5Tkt4cktPdDJMYUF3akFjMDB1Mk5RY1lqbFR4blRWb1VseXltX3owSFNYVngwUHYzYkw5LXhUdGRYSVEzV3k3RUFYbVZRZi1oTnUwLV9ZTkVEQ2NyVVVxcjU3Q1otMWdyVWowMzR5LW15eVEwRXZVZkdUbHMtYTc0aUJqdUZLaHI5aWNBOGhvYjRGaFp5NmltZFM1bzFmemJQZHZWa3R4OW1QajF1eV9OMjlJMzVPS21jUXMyczhEd0I3UF9DQTYxSWJQdmc0WERGXzdURDByYW5rTWh4Yi16cmRMajAtaGNZX3lsaXd5enIwbURwSEZRSm15c3VFR2N6X1A3V1o0SG1oZXpEZ1dvNzBqNU5NYUZ0SFp0QlV2bkM2bkZ5NnFORWJVLXpwVHppV2Y5NE05Qmo4eE1VTURWMkNyYzFvOFVjd292RU5TNWhqMWZUdVNSOFl0UzJJLXZma2drS2dOcVZaWURsemF3SUhYOE9pbHBuZXFvekJZbGF6M1pZaFRWUlhCYjNz?hl=en-IN&gl=IN&ceid=IN%3Aen,"Remembering Ratan, the noble businessman"
103,NEWS ANALYSIS,https://news.google.com/read/CBMiqAVBVV95cUxNS3lvSzIzVTAyVDNsUERRbjZVeGswTXpuT0VkM1E3akRiUlJCMDhzRmhFV0liR2dwaHh6NW1BV2NpSDNtYm5ISGxrNWtCWWh3OGh5U1J5RjdzamoxMlpjLUlucXRQRjVvRG1pTVV5VTBCckhiaGZ1NWREZXJwMlY4THFEY3VXMnpIYldlLVFjRWQ3Tmk3RFd2THltTnhlUVNuTVduX2E1YkVrNlRTOFpYMHFFREF4aFNMUXhKekhiT2J4MzRXNXBqNDdwSDRXVkI2OEVJMU5WWmsyM2RWUzBKOEN6Mnl2LUdkOXpuZnFLdVRKYjBsVUtURVI1X0ZqU3pBdHNBRFl0blJwOURvRGFtUXhKVGtzZlVTdUp3MkJfNkJTRi1LSi1mSy1YRHR3eDFEbEdfTTMyZkEyd09NemFqOFYtRmdsb3RTMUdVVHNMVFpFb0MtazdyR01SdFpNc0kxazVWMVVBMXVDNlg3bnlBN0hBNTBub1lKT2FLSTIzWEF5UGZfU1EzaFVIUEZRVjFCTE9ESkY0VnI5V24xaTVXVU5iYzV3QXVXQ3UwUHctb3pFNjdVdm1tY0V0NDc3UlRhUmhrekdKX3JEczY2QkRpVks5N0kxVlJ1Q1RtMVlnYkdIaE82eEp6SG9uYmJPTTY0UTJkYmFPSlFob00yRVFjNlNrWDNEdGdHUkF1ZFRSR1pILWpyUnhfWFlTZWI0NnJ6SlRyV0ZOZDhXV0lZUWxUZHJ2ZE1TUXJBMEV2SVExR0ZralVVdDYyRWtaektmMmJRQjJmMmNPTmNENWZCOE1vRzFIQV93Q0h6d2hPTWREcWUtLUFaUGRxSnpMMi1ZcktBMUg1TlduQXVleU5ybjVRVnB2ZGdpOHo3ajF0cm8zbGRoVXU0NksxQg?hl=en-IN&gl=IN&ceid=IN%3Aen,Haryana‚Äôs surprise election result: A sign of things to come i...
104,SAMSUNG WORKERS STRIKE,https://news.google.com/read/CBMitwVBVV95cUxQeXZZcy1ZVXdic3p1ZkdZY2F2bFBMS1dEVGVsbVFpWUhuWmxKM1lGcXFXVTJnMHVtU1R1YklGZ3hXaHNQaEYwRGdJdGlGbmpNQ0ctWS1GNGpTNGVMMzZkbEdBU044S2o4R3d3aVExdGVHWC1sZVlRMHQwUFdxdFh6XzBxdWR2S3o3d2Jfd01qWEpTMFdIVFFvME9XamtjTVhDU29laGkwYTliVzJwWWI3OW1yQjdFakRYT2JNNUtCbG5SUVdLWHAwZjFqeXpnOUVPU2YyX0Yxbi1hNFhYN2gwTnFMb1pfM3F3S19lb0E2UFJRV3JpVVc3NWw1WDM2ZHdzdHk3bHJ1WWh3cEpva0pnajNfUkprZHEyd2YzanRqT2ZtNmVlZzQ2dGNYUDE3bnBIRFE1dC15eUloWFl1QnBtV1ZOZl9VM0N2T0NwdVo3MUx4N0dJbFlGanJrNGFGVHVjQmd0QzVXalJYaWQ5d0l5WW9aampFYUkxelZxSmtsMmtQWDRsbmFtT0tablFnT0ZqdWdzSWRMWDlPblFaQkpDb3JHbG1FSV9HLVJYX2FwRVM3R1M0RzFSWkFMWmcyTDJTbHhkMzVTV1lldnJ4LUxvTWNtc0JndUM4bHRPc1R6S2NkejctdmJoY0tBdzJJdUJEWFhvcGJaN2U4RXJhdDA0UzJyMkxzWjdsaHM3M2ZOV0FhOVg0YjZNQmFNMDQ2SVg5N0ZvZnUtWTdfT1BhZllYLTNBWVZqVWhpZGFvZkNYdWpQZ01FNGwyeHZLMWV1UmFxdmk5VkdpQW1HUkEyMUFWMXB4M2JjUHBDTXlFZzIyREhBWW1ZWlNpaUh3aXNBRmVCb3ZmWkNtWGlzZjhaT3VyQlkxZmltbE53QXVNQWJjSFlxdjBYc0s0Zm4zSk1QdDNBcS1ER1c0SQ?hl=en-IN&gl=IN&ceid=IN%3Aen,No difference between what is said by Samsung and Tamil Nadu gov...
105,BJP hits back,https://news.google.com/read/CBMi3AJBVV95cUxQbGZiRExseUQ5R0djcVhMRnlTWUw0NUpQYjhPNmJGb1hQUDJWdGt1NndkX2l5bG5XSy1RZExwM0hQam9zN196UXUzU05Sd1c4UnYtUU9oaWFteFZncnhIcXFaVGlyem81SVRpOGVXbm9Vci1zMzVRZ2R5XzdiWGJzbHdWZGtJb1Eyb3BpdHVSRWpjSmpMWVJ4eTVDREJEOVZtTld0WUU2VElWbkdiRklxN0EzVUpQTFBVQTVkMTQxUWQyMTlZODNpYm9HLTBKd2FCd1dpUFJIRzhsN2FveDZ0dWFnNUFKQ1NweTNhTzBVS0RUWFp4cnZhelRCTTZ2bUN5Zkp2ZGp6MkkwSWdMM0ZjS2daeVh5aTJOZUpMQVZLSGNCUDZGM2gzM2ZSNXJXMnJqSlBud0pqVFJQaW5fREF1dmRiVWhLQXdOUmNMOWpxOWt2Qlc0ZzBaZ3Exblg?hl=en-IN&gl=IN&ceid=IN%3Aen,Kharge's ‚Äòterrorist party‚Äô counter to Modi's ‚Äòurban naxal‚Äô jibe
106,'Not their enemy',https://news.google.com/read/CBMi_wJBVV95cUxPZUw5dFRGSC1jbWxsN1g5eWJHRGJzY2x0VXpmZGt5MEdGUmJ6UXdpVWdJamd2NjR5cmhUdlJxUlg3Rm5zT3d6WVczZ093OG9fYmlJRkQ1d0lpTXJIV3VlaFNGT29tcDdsdGRHckRVVWVjQ0x6alk0enRZekZaRlJUYnJDdlhtNjM0cmF1d20zU216Si11NkFLT2t1NmFDWEpoam5QeTdOanhpc2dZNWxBS0dKb0ZDZ2ZzNmE3UnNGRzZ1QVhJTFFlZlRXV25uVXUza3cweXdRdE9QQkhjZ0tUZWJXSDhYb0xPN0NyelpyRE9Za2VxbG4yakFvSWpsS0lTLWpGRVFXcmItYmpaTElKM0RVQmVscFBhRmZUVXZPMHdvNHAydVNpek96V2dFRDJNXzdoUW9ONnFpclZVOXhWZlpyRUJ2UEdCR25MSGpkMElOTTdFT2JQc2V4Nk5hSUY0RGJ3ZkxOTzg4cXJTRWR5V1hWRnc0d3ZlU0NxU1hnSQ?hl=en-IN&gl=IN&ceid=IN%3Aen,Farooq Abdullah calls for return of Kashmiri Pandits
107,Mehsana mishap,https://news.google.com/read/CBMi4gJBVV95cUxObjF2QnFwS2Q1WXd4a2hoZnlFVkwxRTdYWkIyTHNhZDlmV0hPbjJzMjM1LXBNMTJHdU0xdFRSSGl4N3huLUFobmpWb29zX3JndThOXzAtUDhvWWU1YUFwdzBqaTRMa3N0VTU1dUt3XzU4Tng4d28yd25aTFlZdXNqcm9FWUNCRWZDallmNzVabExtRFhTNHkxak1IMGhnRDRTOXFOMk5MdmJTdlZLSnZpNW15SHRxUmlFV3JjWmVqdkEyeVJveVBJWkoyTmRNLVJ1NUxST2syYTNGUmVfa3Q3N2l2TFJDemV6RE01amJIc2lpOUFuV0tCNmdCYUtBdENqNE9lVUJGNnAzdnprdGJlSEJUVjdPNHFPb0JVaGowVFZnQnJ4WURsdUtWM2JaODIxeE9MTWZZRDRXdnRMb283U2w5eDNOMDNtZTFrczUyLUNuRmJjVldLN2xEQjc3TzgxcVE?hl=en-IN&gl=IN&ceid=IN%3Aen,9 workers dead after wall collapses at construction site
108,INDIA,https://news.google.com/read/CBMihANBVV95cUxPRmhkcGZhVjJkWDd6NWNmSVpPb3F1cVlSd3pObWlkWWJrNU5DdTFOYm5NMC1YSU5QcFZkZXJNdElWNDgtcVBfVnBiU3RBdFVYRUtVdk54OGt1WE1HS1Vlc3FBZ19ub2pCZk1zai1xbC01OTBkVGJ4d3VzMWVnXzFNb29TczFFYmNJYWR2TktqUUYzRlpkTjRtNFJpb19pLUNQNjJZYzVPenF2M0xwNFI3SjZhQTBYSXFNNk1rbV9mdW5jdTlMUGMySU05c00zcnRfT0VjZWJXUUpTNzZaSUQtd0ZtbU1qYVBSWDhUNkxqeGFFZkxEV3hXSnIySm1YSjY5aGFKVjVBRzljUUhlMkFMcERzODdtWmZlVWpZT0ltYnN6RmRzbm0xdU1oZzBHTF9tVXFtd3NCOUNnbW5UYjNIM0lDUHctSG1VakhjQ1dldFN0eUdMOW9ldUt3Q2JPcE5WaHdMazhoRFB0ODFZRXRuQzFnaU5SY0c5S3NXZnk2RDdrV19I?hl=en-IN&gl=IN&ceid=IN%3Aen,"Bagmati Express derailment: Railway safety Commissioner inspects accident site, 3 passengers grievously injured"
109,KERALA,https://news.google.com/read/CBMi9gJBVV95cUxQZkNCMkRwSi1UUGRmZVphS2VQY3hnbUM3N2dsZ1pfRFBOcDJIX3lLRkFqdGJpdTNnWFpGNERVaV92YzJoYVFBX1ZQLU1ycU9oNTkweUJQcHVabWlwNUxiM1hoM2hKZFV6ekRIeUJReVhJaEd1SjMxTWJ2XzhUTmdLcF9GMGtZTTVpTWNNOTI5QlM2SHZzX3dsd0lEVzJEa3pFTjFSUktXS1R6bTZGdU42RkxxNHFRNjU5TFJLTFFDTFpvMUZTcmxYaGtkVmJTMnlwQ2tLQTE4UXBLeWdRaWdkQnNNS2JmTlR2Yl9IeS01eTlhUHFQWWdGYlN4ZTFGU0x3bVNYZ1J5ZXN6MnZFYlY1QU9IZ19rb3JULVJiMXJpbjBDcDBNZFpjXzBFTUtWS0ZRb0QtWlM2MFVVSTE0LTBOUVJsY3dmTV9pdUtnOEpyMmV5VjZuYlpmVkRabEs5TGJ0QWNZUUJQR3c3OHE1SlhZaHhEN0NoUQ?hl=en-IN&gl=IN&ceid=IN%3Aen,"With COVID-ravaged lungs, Kerala Excise official scales Friendship Peak, plants Vimukthi campaign flag"
110,KERALA,https://news.google.com/read/CBMiywJBVV95cUxQanp5RS1NcHQ4YUgyMWUwRWFOMW5Bb0hzbTRvUHRJSHJXRlphRWVVaXZlOUJZYURmcUd2dzlrS2VfX3VoSHNIVnd0NmZtTnI1Sms2aXBCTnpDV1dLZnlad21ZVUx0YUgtd056dXBOUGptOGNlVk1rcnJFV25SQzAzS3FzNVVHVHdaOHA0eVprcHVJRHJLX3prQ0FPYmpzQWthVXkyZzI4Z0NkajVOOVJKUDBxVmNEWFBPUmVyZWFDMHVZczJDUTctLUx5N2w5ZGQ5QnBVMWNzZjI1MTNoZVdkVG44dzdZZlF6aTRfd0pwQUdTd2tmUjYwa3RCY0FCS3U5djFTQWdqTUE1OXZJeURBMGo3Y3FHSnQwdy1YTjNsX0FPcmlicEYza3FxMXVxNGFndUktWlFlSW1WbUdkZHRyNW1xQWo5N0tGSW80?hl=en-IN&gl=IN&ceid=IN%3Aen,"No more interrogation for Siddique in rape case, SIT to request custody citing lack of cooperation"
